Workbook

Sheet score_l_equations
B1: Landscape metrics | E1: Buffer Metrics | J1: Vegetation Metrics | Q1: Hydrology Metrics | U1: Physiochemistry | Y1: Size Metrics | AD1: Overall Score
A2: TIA_ID | B2: L1. Contiguous Natural Land Cover | C2: L2. Land Use Index | D2: Total | E2: B1. Perimeter with Natural Buffer | F2: B2. Width of Natural Buffer | G2: B3.1. Condition of Natural Buffer - Veg | H2: B3.2. Condition of Natural Buffer - Soils | I2: Total | J2: V1. Native Plant Species Cover | K2: V2. Invasive Nonnative Plant Species Cover | L2: V3. Native Plant Species Composition | M2: V4. Vegetation Structure | N2: V5. Regen. of Native Woody Species (opt.) | O2: V6. Coarse and Fine Woody Debris (opt.) | P2: Total | Q2: H1. Water Source | R2: H2. Hydroperiod | S2: H3. Hydrologic Connectivity | T2: Total | U2: S1. Soil Condition | V2: S2. Surface Water Turbidity / Pollutants (opt.) | W2: S3. Algal Growth (opt.) | X2: Total | Y2: Z1. Comparative Size (opt.) | Z2: Z2. Change in Size (opt.) | AA2: Total | AB2: Landscape Context score | AC2: Condition Score | AD2: Overall EIA score | AE2: Overall EIA + Size Score
A3: 515 | B3: A | C3: A | D3: =IF(score_n_equations!D3="NULL","NULL",IF(score_n_equations!D3>=4.5,"A",IF(score_n_equations!D3>=3.5,"B",IF(score_n_equations!D3>=2.5,"C",IF(score_n_equations!D3>0,"D"))))) -> A | E3: A | F3: A | G3: B | H3: B | I3: =IF(score_n_equations!I3="NULL","NULL",IF(score_n_equations!I3>=4.5,"A",IF(score_n_equations!I3>=3.5,"B",IF(score_n_equations!I3>=2.5,"C",IF(score_n_equations!I3>0,"D"))))) -> B | J3: C | K3: B | L3: A | M3: A | N3: NA | O3: NA | P3: =IF(score_n_equations!P3="NULL","NULL",IF(score_n_equations!P3>=4.5,"A",IF(score_n_equations!P3>=3.5,"B",IF(score_n_equations!P3>=2.5,"C",IF(score_n_equations!P3>0,"D"))))) -> B | Q3: A | R3: A | S3: A | T3: =IF(score_n_equations!T3="NULL","NULL",IF(score_n_equations!T3>=4.5,"A",IF(score_n_equations!T3>=3.5,"B",IF(score_n_equations!T3>=2.5,"C",IF(score_n_equations!T3>0,"D"))))) -> A | U3: B | V3: A | W3: A | X3: =IF(score_n_equations!X3="NULL","NULL",IF(score_n_equations!X3>=4.5,"A",IF(score_n_equations!X3>=3.5,"B",IF(score_n_equations!X3>=2.5,"C",IF(score_n_equations!X3>0,"D"))))) -> A | Y3: B | Z3: A | AA3: =IF(score_n_equations!AA3="NULL","NULL",IF(score_n_equations!AA3>=4.5,"A",IF(score_n_equations!AA3>=3.5,"B",IF(score_n_equations!AA3>=2.5,"C",IF(score_n_equations!AA3>0,"D"))))) -> A | AB3: =IF(score_n_equations!AB3="NULL","NULL",IF(score_n_equations!AB3>=4.5,"A",IF(score_n_equations!AB3>=3.5,"B",IF(score_n_equations!AB3>=2.5,"C",IF(score_n_equations!AB3>0,"D"))))) -> A | AC3: =IF(score_n_equations!AC3="NULL","NULL",IF(score_n_equations!AC3>=4.5,"A",IF(score_n_equations!AC3>=3.5,"B",IF(score_n_equations!AC3>=2.5,"C",IF(score_n_equations!AC3>0,"D"))))) -> A | AD3: =IF(score_n_equations!AD3="NULL","NULL",IF(score_n_equations!AD3>=4.5,"A",IF(score_n_equations!AD3>=3.5,"B",IF(score_n_equations!AD3>=2.5,"C",IF(score_n_equations!AD3>0,"D"))))) -> A | AE3: =IF(score_n_equations!AE3="NULL","NULL",IF(score_n_equations!AE3>=4.5,"A",IF(score_n_equations!AE3>=3.5,"B",IF(score_n_equations!AE3>=2.5,"C",IF(score_n_equations!AE3>0,"D"))))) -> A
A4: 603 | B4: A | C4: A | D4: =IF(score_n_equations!D4="NULL","NULL",IF(score_n_equations!D4>=4.5,"A",IF(score_n_equations!D4>=3.5,"B",IF(score_n_equations!D4>=2.5,"C",IF(score_n_equations!D4>0,"D"))))) -> A | E4: A | F4: A | G4: B | H4: B | I4: =IF(score_n_equations!I4="NULL","NULL",IF(score_n_equations!I4>=4.5,"A",IF(score_n_equations!I4>=3.5,"B",IF(score_n_equations!I4>=2.5,"C",IF(score_n_equations!I4>0,"D"))))) -> B | J4: C- | K4: B | L4: C | M4: A | N4: NA | O4: NA | P4: =IF(score_n_equations!P4="NULL","NULL",IF(score_n_equations!P4>=4.5,"A",IF(score_n_equations!P4>=3.5,"B",IF(score_n_equations!P4>=2.5,"C",IF(score_n_equations!P4>0,"D"))))) -> B | Q4: A | R4: A | S4: B | T4: =IF(score_n_equations!T4="NULL","NULL",IF(score_n_equations!T4>=4.5,"A",IF(score_n_equations!T4>=3.5,"B",IF(score_n_equations!T4>=2.5,"C",IF(score_n_equations!T4>0,"D"))))) -> A | U4: C | V4: NA | W4: NA | X4: =IF(score_n_equations!X4="NULL","NULL",IF(score_n_equations!X4>=4.5,"A",IF(score_n_equations!X4>=3.5,"B",IF(score_n_equations!X4>=2.5,"C",IF(score_n_equations!X4>0,"D"))))) -> C | Y4: C | Z4: A | AA4: =IF(score_n_equations!AA4="NULL","NULL",IF(score_n_equations!AA4>=4.5,"A",IF(score_n_equations!AA4>=3.5,"B",IF(score_n_equations!AA4>=2.5,"C",IF(score_n_equations!AA4>0,"D"))))) -> B | AB4: =IF(score_n_equations!AB4="NULL","NULL",IF(score_n_equations!AB4>=4.5,"A",IF(score_n_equations!AB4>=3.5,"B",IF(score_n_equations!AB4>=2.5,"C",IF(score_n_equations!AB4>0,"D"))))) -> A | AC4: =IF(score_n_equations!AC4="NULL","NULL",IF(score_n_equations!AC4>=4.5,"A",IF(score_n_equations!AC4>=3.5,"B",IF(score_n_equations!AC4>=2.5,"C",IF(score_n_equations!AC4>0,"D"))))) -> B | AD4: =IF(score_n_equations!AD4="NULL","NULL",IF(score_n_equations!AD4>=4.5,"A",IF(score_n_equations!AD4>=3.5,"B",IF(score_n_equations!AD4>=2.5,"C",IF(score_n_equations!AD4>0,"D"))))) -> B | AE4: =IF(score_n_equations!AE4="NULL","NULL",IF(score_n_equations!AE4>=4.5,"A",IF(score_n_equations!AE4>=3.5,"B",IF(score_n_equations!AE4>=2.5,"C",IF(score_n_equations!AE4>0,"D"))))) -> A
A5: 667 | B5: D | C5: D | D5: =IF(score_n_equations!D5="NULL","NULL",IF(score_n_equations!D5>=4.5,"A",IF(score_n_equations!D5>=3.5,"B",IF(score_n_equations!D5>=2.5,"C",IF(score_n_equations!D5>0,"D"))))) -> D | E5: C | F5: C | G5: C | H5: C | I5: =IF(score_n_equations!I5="NULL","NULL",IF(score_n_equations!I5>=4.5,"A",IF(score_n_equations!I5>=3.5,"B",IF(score_n_equations!I5>=2.5,"C",IF(score_n_equations!I5>0,"D"))))) -> C | J5: D | K5: C | L5: C | M5: B | N5: B | O5: C | P5: =IF(score_n_equations!P5="NULL","NULL",IF(score_n_equations!P5>=4.5,"A",IF(score_n_equations!P5>=3.5,"B",IF(score_n_equations!P5>=2.5,"C",IF(score_n_equations!P5>0,"D"))))) -> C | Q5: B | R5: D | S5: C | T5: =IF(score_n_equations!T5="NULL","NULL",IF(score_n_equations!T5>=4.5,"A",IF(score_n_equations!T5>=3.5,"B",IF(score_n_equations!T5>=2.5,"C",IF(score_n_equations!T5>0,"D"))))) -> C | U5: B | V5: D | W5: A | X5: =IF(score_n_equations!X5="NULL","NULL",IF(score_n_equations!X5>=4.5,"A",IF(score_n_equations!X5>=3.5,"B",IF(score_n_equations!X5>=2.5,"C",IF(score_n_equations!X5>0,"D"))))) -> C | Y5: C | Z5: D | AA5: =IF(score_n_equations!AA5="NULL","NULL",IF(score_n_equations!AA5>=4.5,"A",IF(score_n_equations!AA5>=3.5,"B",IF(score_n_equations!AA5>=2.5,"C",IF(score_n_equations!AA5>0,"D"))))) -> D | AB5: =IF(score_n_equations!AB5="NULL","NULL",IF(score_n_equations!AB5>=4.5,"A",IF(score_n_equations!AB5>=3.5,"B",IF(score_n_equations!AB5>=2.5,"C",IF(score_n_equations!AB5>0,"D"))))) -> D | AC5: =IF(score_n_equations!AC5="NULL","NULL",IF(score_n_equations!AC5>=4.5,"A",IF(score_n_equations!AC5>=3.5,"B",IF(score_n_equations!AC5>=2.5,"C",IF(score_n_equations!AC5>0,"D"))))) -> C | AD5: =IF(score_n_equations!AD5="NULL","NULL",IF(score_n_equations!AD5>=4.5,"A",IF(score_n_equations!AD5>=3.5,"B",IF(score_n_equations!AD5>=2.5,"C",IF(score_n_equations!AD5>0,"D"))))) -> C | AE5: =IF(score_n_equations!AE5="NULL","NULL",IF(score_n_equations!AE5>=4.5,"A",IF(score_n_equations!AE5>=3.5,"B",IF(score_n_equations!AE5>=2.5,"C",IF(score_n_equations!AE5>0,"D"))))) -> D
A6: 674 | B6: A | C6: A | D6: =IF(score_n_equations!D6="NULL","NULL",IF(score_n_equations!D6>=4.5,"A",IF(score_n_equations!D6>=3.5,"B",IF(score_n_equations!D6>=2.5,"C",IF(score_n_equations!D6>0,"D"))))) -> A | E6: A | F6: A | G6: B | H6: A | I6: =IF(score_n_equations!I6="NULL","NULL",IF(score_n_equations!I6>=4.5,"A",IF(score_n_equations!I6>=3.5,"B",IF(score_n_equations!I6>=2.5,"C",IF(score_n_equations!I6>0,"D"))))) -> A | J6: C | K6: B | L6: B | M6: A | N6: NA | O6: NA | P6: =IF(score_n_equations!P6="NULL","NULL",IF(score_n_equations!P6>=4.5,"A",IF(score_n_equations!P6>=3.5,"B",IF(score_n_equations!P6>=2.5,"C",IF(score_n_equations!P6>0,"D"))))) -> B | Q6: A | R6: A | S6: A | T6: =IF(score_n_equations!T6="NULL","NULL",IF(score_n_equations!T6>=4.5,"A",IF(score_n_equations!T6>=3.5,"B",IF(score_n_equations!T6>=2.5,"C",IF(score_n_equations!T6>0,"D"))))) -> A | U6: B | V6: A | W6: A | X6: =IF(score_n_equations!X6="NULL","NULL",IF(score_n_equations!X6>=4.5,"A",IF(score_n_equations!X6>=3.5,"B",IF(score_n_equations!X6>=2.5,"C",IF(score_n_equations!X6>0,"D"))))) -> A | Y6: B | Z6: A | AA6: =IF(score_n_equations!AA6="NULL","NULL",IF(score_n_equations!AA6>=4.5,"A",IF(score_n_equations!AA6>=3.5,"B",IF(score_n_equations!AA6>=2.5,"C",IF(score_n_equations!AA6>0,"D"))))) -> A | AB6: =IF(score_n_equations!AB6="NULL","NULL",IF(score_n_equations!AB6>=4.5,"A",IF(score_n_equations!AB6>=3.5,"B",IF(score_n_equations!AB6>=2.5,"C",IF(score_n_equations!AB6>0,"D"))))) -> A | AC6: =IF(score_n_equations!AC6="NULL","NULL",IF(score_n_equations!AC6>=4.5,"A",IF(score_n_equations!AC6>=3.5,"B",IF(score_n_equations!AC6>=2.5,"C",IF(score_n_equations!AC6>0,"D"))))) -> B | AD6: =IF(score_n_equations!AD6="NULL","NULL",IF(score_n_equations!AD6>=4.5,"A",IF(score_n_equations!AD6>=3.5,"B",IF(score_n_equations!AD6>=2.5,"C",IF(score_n_equations!AD6>0,"D"))))) -> A | AE6: =IF(score_n_equations!AE6="NULL","NULL",IF(score_n_equations!AE6>=4.5,"A",IF(score_n_equations!AE6>=3.5,"B",IF(score_n_equations!AE6>=2.5,"C",IF(score_n_equations!AE6>0,"D"))))) -> A
A7: 1102 | B7: B | C7: A | D7: =IF(score_n_equations!D7="NULL","NULL",IF(score_n_equations!D7>=4.5,"A",IF(score_n_equations!D7>=3.5,"B",IF(score_n_equations!D7>=2.5,"C",IF(score_n_equations!D7>0,"D"))))) -> A | E7: B | F7: B | G7: A | H7: A | I7: =IF(score_n_equations!I7="NULL","NULL",IF(score_n_equations!I7>=4.5,"A",IF(score_n_equations!I7>=3.5,"B",IF(score_n_equations!I7>=2.5,"C",IF(score_n_equations!I7>0,"D"))))) -> B | J7: C | K7: A | L7: A | M7: A | N7: NA | O7: NA | P7: =IF(score_n_equations!P7="NULL","NULL",IF(score_n_equations!P7>=4.5,"A",IF(score_n_equations!P7>=3.5,"B",IF(score_n_equations!P7>=2.5,"C",IF(score_n_equations!P7>0,"D"))))) -> A | Q7: A | R7: A | S7: A | T7: =IF(score_n_equations!T7="NULL","NULL",IF(score_n_equations!T7>=4.5,"A",IF(score_n_equations!T7>=3.5,"B",IF(score_n_equations!T7>=2.5,"C",IF(score_n_equations!T7>0,"D"))))) -> A | U7: A | V7: A | W7: A | X7: =IF(score_n_equations!X7="NULL","NULL",IF(score_n_equations!X7>=4.5,"A",IF(score_n_equations!X7>=3.5,"B",IF(score_n_equations!X7>=2.5,"C",IF(score_n_equations!X7>0,"D"))))) -> A | Y7: A | Z7: C | AA7: =IF(score_n_equations!AA7="NULL","NULL",IF(score_n_equations!AA7>=4.5,"A",IF(score_n_equations!AA7>=3.5,"B",IF(score_n_equations!AA7>=2.5,"C",IF(score_n_equations!AA7>0,"D"))))) -> B | AB7: =IF(score_n_equations!AB7="NULL","NULL",IF(score_n_equations!AB7>=4.5,"A",IF(score_n_equations!AB7>=3.5,"B",IF(score_n_equations!AB7>=2.5,"C",IF(score_n_equations!AB7>0,"D"))))) -> B | AC7: =IF(score_n_equations!AC7="NULL","NULL",IF(score_n_equations!AC7>=4.5,"A",IF(score_n_equations!AC7>=3.5,"B",IF(score_n_equations!AC7>=2.5,"C",IF(score_n_equations!AC7>0,"D"))))) -> A | AD7: =IF(score_n_equations!AD7="NULL","NULL",IF(score_n_equations!AD7>=4.5,"A",IF(score_n_equations!AD7>=3.5,"B",IF(score_n_equations!AD7>=2.5,"C",IF(score_n_equations!AD7>0,"D"))))) -> A | AE7: =IF(score_n_equations!AE7="NULL","NULL",IF(score_n_equations!AE7>=4.5,"A",IF(score_n_equations!AE7>=3.5,"B",IF(score_n_equations!AE7>=2.5,"C",IF(score_n_equations!AE7>0,"D"))))) -> A
A8: 1251 | B8: A | C8: A | D8: =IF(score_n_equations!D8="NULL","NULL",IF(score_n_equations!D8>=4.5,"A",IF(score_n_equations!D8>=3.5,"B",IF(score_n_equations!D8>=2.5,"C",IF(score_n_equations!D8>0,"D"))))) -> A | E8: A | F8: A | G8: A | H8: A | I8: =IF(score_n_equations!I8="NULL","NULL",IF(score_n_equations!I8>=4.5,"A",IF(score_n_equations!I8>=3.5,"B",IF(score_n_equations!I8>=2.5,"C",IF(score_n_equations!I8>0,"D"))))) -> A | J8: C | K8: C | L8: C | M8: C | N8: NA | O8: NA | P8: =IF(score_n_equations!P8="NULL","NULL",IF(score_n_equations!P8>=4.5,"A",IF(score_n_equations!P8>=3.5,"B",IF(score_n_equations!P8>=2.5,"C",IF(score_n_equations!P8>0,"D"))))) -> C | Q8: A | R8: A | S8: B | T8: =IF(score_n_equations!T8="NULL","NULL",IF(score_n_equations!T8>=4.5,"A",IF(score_n_equations!T8>=3.5,"B",IF(score_n_equations!T8>=2.5,"C",IF(score_n_equations!T8>0,"D"))))) -> A | U8: C | V8: A | W8: C | X8: =IF(score_n_equations!X8="NULL","NULL",IF(score_n_equations!X8>=4.5,"A",IF(score_n_equations!X8>=3.5,"B",IF(score_n_equations!X8>=2.5,"C",IF(score_n_equations!X8>0,"D"))))) -> B | Y8: B | Z8: A | AA8: =IF(score_n_equations!AA8="NULL","NULL",IF(score_n_equations!AA8>=4.5,"A",IF(score_n_equations!AA8>=3.5,"B",IF(score_n_equations!AA8>=2.5,"C",IF(score_n_equations!AA8>0,"D"))))) -> A | AB8: =IF(score_n_equations!AB8="NULL","NULL",IF(score_n_equations!AB8>=4.5,"A",IF(score_n_equations!AB8>=3.5,"B",IF(score_n_equations!AB8>=2.5,"C",IF(score_n_equations!AB8>0,"D"))))) -> A | AC8: =IF(score_n_equations!AC8="NULL","NULL",IF(score_n_equations!AC8>=4.5,"A",IF(score_n_equations!AC8>=3.5,"B",IF(score_n_equations!AC8>=2.5,"C",IF(score_n_equations!AC8>0,"D"))))) -> B | AD8: =IF(score_n_equations!AD8="NULL","NULL",IF(score_n_equations!AD8>=4.5,"A",IF(score_n_equations!AD8>=3.5,"B",IF(score_n_equations!AD8>=2.5,"C",IF(score_n_equations!AD8>0,"D"))))) -> B | AE8: =IF(score_n_equations!AE8="NULL","NULL",IF(score_n_equations!AE8>=4.5,"A",IF(score_n_equations!AE8>=3.5,"B",IF(score_n_equations!AE8>=2.5,"C",IF(score_n_equations!AE8>0,"D"))))) -> A
A9: 1270 | B9: B | C9: A | D9: =IF(score_n_equations!D9="NULL","NULL",IF(score_n_equations!D9>=4.5,"A",IF(score_n_equations!D9>=3.5,"B",IF(score_n_equations!D9>=2.5,"C",IF(score_n_equations!D9>0,"D"))))) -> A | E9: A | F9: A | G9: C | H9: B | I9: =IF(score_n_equations!I9="NULL","NULL",IF(score_n_equations!I9>=4.5,"A",IF(score_n_equations!I9>=3.5,"B",IF(score_n_equations!I9>=2.5,"C",IF(score_n_equations!I9>0,"D"))))) -> B | J9: C- | K9: B | L9: C | M9: C | N9: NA | O9: NA | P9: =IF(score_n_equations!P9="NULL","NULL",IF(score_n_equations!P9>=4.5,"A",IF(score_n_equations!P9>=3.5,"B",IF(score_n_equations!P9>=2.5,"C",IF(score_n_equations!P9>0,"D"))))) -> C | Q9: A | R9: A | S9: A | T9: =IF(score_n_equations!T9="NULL","NULL",IF(score_n_equations!T9>=4.5,"A",IF(score_n_equations!T9>=3.5,"B",IF(score_n_equations!T9>=2.5,"C",IF(score_n_equations!T9>0,"D"))))) -> A | U9: A | V9: A | W9: C | X9: =IF(score_n_equations!X9="NULL","NULL",IF(score_n_equations!X9>=4.5,"A",IF(score_n_equations!X9>=3.5,"B",IF(score_n_equations!X9>=2.5,"C",IF(score_n_equations!X9>0,"D"))))) -> B | Y9: A | Z9: A | AA9: =IF(score_n_equations!AA9="NULL","NULL",IF(score_n_equations!AA9>=4.5,"A",IF(score_n_equations!AA9>=3.5,"B",IF(score_n_equations!AA9>=2.5,"C",IF(score_n_equations!AA9>0,"D"))))) -> A | AB9: =IF(score_n_equations!AB9="NULL","NULL",IF(score_n_equations!AB9>=4.5,"A",IF(score_n_equations!AB9>=3.5,"B",IF(score_n_equations!AB9>=2.5,"C",IF(score_n_equations!AB9>0,"D"))))) -> B | AC9: =IF(score_n_equations!AC9="NULL","NULL",IF(score_n_equations!AC9>=4.5,"A",IF(score_n_equations!AC9>=3.5,"B",IF(score_n_equations!AC9>=2.5,"C",IF(score_n_equations!AC9>0,"D"))))) -> B | AD9: =IF(score_n_equations!AD9="NULL","NULL",IF(score_n_equations!AD9>=4.5,"A",IF(score_n_equations!AD9>=3.5,"B",IF(score_n_equations!AD9>=2.5,"C",IF(score_n_equations!AD9>0,"D"))))) -> B | AE9: =IF(score_n_equations!AE9="NULL","NULL",IF(score_n_equations!AE9>=4.5,"A",IF(score_n_equations!AE9>=3.5,"B",IF(score_n_equations!AE9>=2.5,"C",IF(score_n_equations!AE9>0,"D"))))) -> B
A10: 1368 | B10: A | C10: A | D10: =IF(score_n_equations!D10="NULL","NULL",IF(score_n_equations!D10>=4.5,"A",IF(score_n_equations!D10>=3.5,"B",IF(score_n_equations!D10>=2.5,"C",IF(score_n_equations!D10>0,"D"))))) -> A | E10: A | F10: A | G10: B | H10: B | I10: =IF(score_n_equations!I10="NULL","NULL",IF(score_n_equations!I10>=4.5,"A",IF(score_n_equations!I10>=3.5,"B",IF(score_n_equations!I10>=2.5,"C",IF(score_n_equations!I10>0,"D"))))) -> B | J10: B | K10: B | L10: A | M10: A | N10: NA | O10: NA | P10: =IF(score_n_equations!P10="NULL","NULL",IF(score_n_equations!P10>=4.5,"A",IF(score_n_equations!P10>=3.5,"B",IF(score_n_equations!P10>=2.5,"C",IF(score_n_equations!P10>0,"D"))))) -> A | Q10: A | R10: B | S10: B | T10: =IF(score_n_equations!T10="NULL","NULL",IF(score_n_equations!T10>=4.5,"A",IF(score_n_equations!T10>=3.5,"B",IF(score_n_equations!T10>=2.5,"C",IF(score_n_equations!T10>0,"D"))))) -> B | U10: C | V10: A | W10: A | X10: =IF(score_n_equations!X10="NULL","NULL",IF(score_n_equations!X10>=4.5,"A",IF(score_n_equations!X10>=3.5,"B",IF(score_n_equations!X10>=2.5,"C",IF(score_n_equations!X10>0,"D"))))) -> B | Y10: A | Z10: A | AA10: =IF(score_n_equations!AA10="NULL","NULL",IF(score_n_equations!AA10>=4.5,"A",IF(score_n_equations!AA10>=3.5,"B",IF(score_n_equations!AA10>=2.5,"C",IF(score_n_equations!AA10>0,"D"))))) -> A | AB10: =IF(score_n_equations!AB10="NULL","NULL",IF(score_n_equations!AB10>=4.5,"A",IF(score_n_equations!AB10>=3.5,"B",IF(score_n_equations!AB10>=2.5,"C",IF(score_n_equations!AB10>0,"D"))))) -> A | AC10: =IF(score_n_equations!AC10="NULL","NULL",IF(score_n_equations!AC10>=4.5,"A",IF(score_n_equations!AC10>=3.5,"B",IF(score_n_equations!AC10>=2.5,"C",IF(score_n_equations!AC10>0,"D"))))) -> B | AD10: =IF(score_n_equations!AD10="NULL","NULL",IF(score_n_equations!AD10>=4.5,"A",IF(score_n_equations!AD10>=3.5,"B",IF(score_n_equations!AD10>=2.5,"C",IF(score_n_equations!AD10>0,"D"))))) -> B | AE10: =IF(score_n_equations!AE10="NULL","NULL",IF(score_n_equations!AE10>=4.5,"A",IF(score_n_equations!AE10>=3.5,"B",IF(score_n_equations!AE10>=2.5,"C",IF(score_n_equations!AE10>0,"D"))))) -> A
A11: 1610 | B11: C | C11: B | D11: =IF(score_n_equations!D11="NULL","NULL",IF(score_n_equations!D11>=4.5,"A",IF(score_n_equations!D11>=3.5,"B",IF(score_n_equations!D11>=2.5,"C",IF(score_n_equations!D11>0,"D"))))) -> B | E11: B | F11: B | G11: B | H11: C | I11: =IF(score_n_equations!I11="NULL","NULL",IF(score_n_equations!I11>=4.5,"A",IF(score_n_equations!I11>=3.5,"B",IF(score_n_equations!I11>=2.5,"C",IF(score_n_equations!I11>0,"D"))))) -> B | J11: B | K11: B | L11: A | M11: A | N11: NA | O11: NA | P11: =IF(score_n_equations!P11="NULL","NULL",IF(score_n_equations!P11>=4.5,"A",IF(score_n_equations!P11>=3.5,"B",IF(score_n_equations!P11>=2.5,"C",IF(score_n_equations!P11>0,"D"))))) -> A | Q11: A | R11: A | S11: B | T11: =IF(score_n_equations!T11="NULL","NULL",IF(score_n_equations!T11>=4.5,"A",IF(score_n_equations!T11>=3.5,"B",IF(score_n_equations!T11>=2.5,"C",IF(score_n_equations!T11>0,"D"))))) -> A | U11: C | V11: A | W11: B | X11: =IF(score_n_equations!X11="NULL","NULL",IF(score_n_equations!X11>=4.5,"A",IF(score_n_equations!X11>=3.5,"B",IF(score_n_equations!X11>=2.5,"C",IF(score_n_equations!X11>0,"D"))))) -> B | Y11: A | Z11: A | AA11: =IF(score_n_equations!AA11="NULL","NULL",IF(score_n_equations!AA11>=4.5,"A",IF(score_n_equations!AA11>=3.5,"B",IF(score_n_equations!AA11>=2.5,"C",IF(score_n_equations!AA11>0,"D"))))) -> A | AB11: =IF(score_n_equations!AB11="NULL","NULL",IF(score_n_equations!AB11>=4.5,"A",IF(score_n_equations!AB11>=3.5,"B",IF(score_n_equations!AB11>=2.5,"C",IF(score_n_equations!AB11>0,"D"))))) -> B | AC11: =IF(score_n_equations!AC11="NULL","NULL",IF(score_n_equations!AC11>=4.5,"A",IF(score_n_equations!AC11>=3.5,"B",IF(score_n_equations!AC11>=2.5,"C",IF(score_n_equations!AC11>0,"D"))))) -> A | AD11: =IF(score_n_equations!AD11="NULL","NULL",IF(score_n_equations!AD11>=4.5,"A",IF(score_n_equations!AD11>=3.5,"B",IF(score_n_equations!AD11>=2.5,"C",IF(score_n_equations!AD11>0,"D"))))) -> B | AE11: =IF(score_n_equations!AE11="NULL","NULL",IF(score_n_equations!AE11>=4.5,"A",IF(score_n_equations!AE11>=3.5,"B",IF(score_n_equations!AE11>=2.5,"C",IF(score_n_equations!AE11>0,"D"))))) -> A
A12: 1611 | B12: C | C12: C | D12: =IF(score_n_equations!D12="NULL","NULL",IF(score_n_equations!D12>=4.5,"A",IF(score_n_equations!D12>=3.5,"B",IF(score_n_equations!D12>=2.5,"C",IF(score_n_equations!D12>0,"D"))))) -> C | E12: A | F12: B | G12: D | H12: A | I12: =IF(score_n_equations!I12="NULL","NULL",IF(score_n_equations!I12>=4.5,"A",IF(score_n_equations!I12>=3.5,"B",IF(score_n_equations!I12>=2.5,"C",IF(score_n_equations!I12>0,"D"))))) -> B | J12: C- | K12: C- | L12: B | M12: A | N12: NA | O12: NA | P12: =IF(score_n_equations!P12="NULL","NULL",IF(score_n_equations!P12>=4.5,"A",IF(score_n_equations!P12>=3.5,"B",IF(score_n_equations!P12>=2.5,"C",IF(score_n_equations!P12>0,"D"))))) -> C | Q12: B | R12: A | S12: A | T12: =IF(score_n_equations!T12="NULL","NULL",IF(score_n_equations!T12>=4.5,"A",IF(score_n_equations!T12>=3.5,"B",IF(score_n_equations!T12>=2.5,"C",IF(score_n_equations!T12>0,"D"))))) -> A | U12: B | V12: NA | W12: NA | X12: =IF(score_n_equations!X12="NULL","NULL",IF(score_n_equations!X12>=4.5,"A",IF(score_n_equations!X12>=3.5,"B",IF(score_n_equations!X12>=2.5,"C",IF(score_n_equations!X12>0,"D"))))) -> B | Y12: B | Z12: A | AA12: =IF(score_n_equations!AA12="NULL","NULL",IF(score_n_equations!AA12>=4.5,"A",IF(score_n_equations!AA12>=3.5,"B",IF(score_n_equations!AA12>=2.5,"C",IF(score_n_equations!AA12>0,"D"))))) -> A | AB12: =IF(score_n_equations!AB12="NULL","NULL",IF(score_n_equations!AB12>=4.5,"A",IF(score_n_equations!AB12>=3.5,"B",IF(score_n_equations!AB12>=2.5,"C",IF(score_n_equations!AB12>0,"D"))))) -> C | AC12: =IF(score_n_equations!AC12="NULL","NULL",IF(score_n_equations!AC12>=4.5,"A",IF(score_n_equations!AC12>=3.5,"B",IF(score_n_equations!AC12>=2.5,"C",IF(score_n_equations!AC12>0,"D"))))) -> B | AD12: =IF(score_n_equations!AD12="NULL","NULL",IF(score_n_equations!AD12>=4.5,"A",IF(score_n_equations!AD12>=3.5,"B",IF(score_n_equations!AD12>=2.5,"C",IF(score_n_equations!AD12>0,"D"))))) -> B | AE12: =IF(score_n_equations!AE12="NULL","NULL",IF(score_n_equations!AE12>=4.5,"A",IF(score_n_equations!AE12>=3.5,"B",IF(score_n_equations!AE12>=2.5,"C",IF(score_n_equations!AE12>0,"D"))))) -> B
A13: 1617 | B13: C | C13: C | D13: =IF(score_n_equations!D13="NULL","NULL",IF(score_n_equations!D13>=4.5,"A",IF(score_n_equations!D13>=3.5,"B",IF(score_n_equations!D13>=2.5,"C",IF(score_n_equations!D13>0,"D"))))) -> C | E13: A | F13: B | G13: D | H13: A | I13: =IF(score_n_equations!I13="NULL","NULL",IF(score_n_equations!I13>=4.5,"A",IF(score_n_equations!I13>=3.5,"B",IF(score_n_equations!I13>=2.5,"C",IF(score_n_equations!I13>0,"D"))))) -> B | J13: D | K13: C- | L13: D | M13: C | N13: C | O13: C | P13: =IF(score_n_equations!P13="NULL","NULL",IF(score_n_equations!P13>=4.5,"A",IF(score_n_equations!P13>=3.5,"B",IF(score_n_equations!P13>=2.5,"C",IF(score_n_equations!P13>0,"D"))))) -> D | Q13: D | R13: B | S13: D | T13: =IF(score_n_equations!T13="NULL","NULL",IF(score_n_equations!T13>=4.5,"A",IF(score_n_equations!T13>=3.5,"B",IF(score_n_equations!T13>=2.5,"C",IF(score_n_equations!T13>0,"D"))))) -> D | U13: B | V13: A | W13: B | X13: =IF(score_n_equations!X13="NULL","NULL",IF(score_n_equations!X13>=4.5,"A",IF(score_n_equations!X13>=3.5,"B",IF(score_n_equations!X13>=2.5,"C",IF(score_n_equations!X13>0,"D"))))) -> B | Y13: D | Z13: B | AA13: =IF(score_n_equations!AA13="NULL","NULL",IF(score_n_equations!AA13>=4.5,"A",IF(score_n_equations!AA13>=3.5,"B",IF(score_n_equations!AA13>=2.5,"C",IF(score_n_equations!AA13>0,"D"))))) -> C | AB13: =IF(score_n_equations!AB13="NULL","NULL",IF(score_n_equations!AB13>=4.5,"A",IF(score_n_equations!AB13>=3.5,"B",IF(score_n_equations!AB13>=2.5,"C",IF(score_n_equations!AB13>0,"D"))))) -> C | AC13: =IF(score_n_equations!AC13="NULL","NULL",IF(score_n_equations!AC13>=4.5,"A",IF(score_n_equations!AC13>=3.5,"B",IF(score_n_equations!AC13>=2.5,"C",IF(score_n_equations!AC13>0,"D"))))) -> D | AD13: =IF(score_n_equations!AD13="NULL","NULL",IF(score_n_equations!AD13>=4.5,"A",IF(score_n_equations!AD13>=3.5,"B",IF(score_n_equations!AD13>=2.5,"C",IF(score_n_equations!AD13>0,"D"))))) -> C | AE13: =IF(score_n_equations!AE13="NULL","NULL",IF(score_n_equations!AE13>=4.5,"A",IF(score_n_equations!AE13>=3.5,"B",IF(score_n_equations!AE13>=2.5,"C",IF(score_n_equations!AE13>0,"D"))))) -> C
A14: 1682 | B14: C | C14: B | D14: =IF(score_n_equations!D14="NULL","NULL",IF(score_n_equations!D14>=4.5,"A",IF(score_n_equations!D14>=3.5,"B",IF(score_n_equations!D14>=2.5,"C",IF(score_n_equations!D14>0,"D"))))) -> B | E14: A | F14: A | G14: A | H14: B | I14: =IF(score_n_equations!I14="NULL","NULL",IF(score_n_equations!I14>=4.5,"A",IF(score_n_equations!I14>=3.5,"B",IF(score_n_equations!I14>=2.5,"C",IF(score_n_equations!I14>0,"D"))))) -> A | J14: C- | K14: B | L14: B | M14: A | N14: NA | O14: NA | P14: =IF(score_n_equations!P14="NULL","NULL",IF(score_n_equations!P14>=4.5,"A",IF(score_n_equations!P14>=3.5,"B",IF(score_n_equations!P14>=2.5,"C",IF(score_n_equations!P14>0,"D"))))) -> B | Q14: A | R14: A | S14: A | T14: =IF(score_n_equations!T14="NULL","NULL",IF(score_n_equations!T14>=4.5,"A",IF(score_n_equations!T14>=3.5,"B",IF(score_n_equations!T14>=2.5,"C",IF(score_n_equations!T14>0,"D"))))) -> A | U14: A | V14: B | W14: B | X14: =IF(score_n_equations!X14="NULL","NULL",IF(score_n_equations!X14>=4.5,"A",IF(score_n_equations!X14>=3.5,"B",IF(score_n_equations!X14>=2.5,"C",IF(score_n_equations!X14>0,"D"))))) -> B | Y14: A | Z14: A | AA14: =IF(score_n_equations!AA14="NULL","NULL",IF(score_n_equations!AA14>=4.5,"A",IF(score_n_equations!AA14>=3.5,"B",IF(score_n_equations!AA14>=2.5,"C",IF(score_n_equations!AA14>0,"D"))))) -> A | AB14: =IF(score_n_equations!AB14="NULL","NULL",IF(score_n_equations!AB14>=4.5,"A",IF(score_n_equations!AB14>=3.5,"B",IF(score_n_equations!AB14>=2.5,"C",IF(score_n_equations!AB14>0,"D"))))) -> B | AC14: =IF(score_n_equations!AC14="NULL","NULL",IF(score_n_equations!AC14>=4.5,"A",IF(score_n_equations!AC14>=3.5,"B",IF(score_n_equations!AC14>=2.5,"C",IF(score_n_equations!AC14>0,"D"))))) -> B | AD14: =IF(score_n_equations!AD14="NULL","NULL",IF(score_n_equations!AD14>=4.5,"A",IF(score_n_equations!AD14>=3.5,"B",IF(score_n_equations!AD14>=2.5,"C",IF(score_n_equations!AD14>0,"D"))))) -> B | AE14: =IF(score_n_equations!AE14="NULL","NULL",IF(score_n_equations!AE14>=4.5,"A",IF(score_n_equations!AE14>=3.5,"B",IF(score_n_equations!AE14>=2.5,"C",IF(score_n_equations!AE14>0,"D"))))) -> A
... A43: 1966 | B43: C | C43: C | D43: =IF(score_n_equations!D43="NULL","NULL",IF(score_n_equations!D43>=4.5,"A",IF(score_n_equations!D43>=3.5,"B",IF(score_n_equations!D43>=2.5,"C",IF(score_n_equations!D43>0,"D"))))) -> C | E43: B | F43: A | G43: B | H43: B | I43: =IF(score_n_equations!I43="NULL","NULL",IF(score_n_equations!I43>=4.5,"A",IF(score_n_equations!I43>=3.5,"B",IF(score_n_equations!I43>=2.5,"C",IF(score_n_equations!I43>0,"D"))))) -> B | J43: C- | K43: B | L43: C | M43: A | N43: NA | O43: NA | P43: =IF(score_n_equations!P43="NULL","NULL",IF(score_n_equations!P43>=4.5,"A",IF(score_n_equations!P43>=3.5,"B",IF(score_n_equations!P43>=2.5,"C",IF(score_n_equations!P43>0,"D"))))) -> B | Q43: A | R43: B | S43: A | T43: =IF(score_n_equations!T43="NULL","NULL",IF(score_n_equations!T43>=4.5,"A",IF(score_n_equations!T43>=3.5,"B",IF(score_n_equations!T43>=2.5,"C",IF(score_n_equations!T43>0,"D"))))) -> A | U43: C | V43: NA | W43: NA | X43: =IF(score_n_equations!X43="NULL","NULL",IF(score_n_equations!X43>=4.5,"A",IF(score_n_equations!X43>=3.5,"B",IF(score_n_equations!X43>=2.5,"C",IF(score_n_equations!X43>0,"D"))))) -> C | Y43: B | Z43: B | AA43: =IF(score_n_equations!AA43="NULL","NULL",IF(score_n_equations!AA43>=4.5,"A",IF(score_n_equations!AA43>=3.5,"B",IF(score_n_equations!AA43>=2.5,"C",IF(score_n_equations!AA43>0,"D"))))) -> B | AB43: =IF(score_n_equations!AB43="NULL","NULL",IF(score_n_equations!AB43>=4.5,"A",IF(score_n_equations!AB43>=3.5,"B",IF(score_n_equations!AB43>=2.5,"C",IF(score_n_equations!AB43>0,"D"))))) -> B | AC43: =IF(score_n_equations!AC43="NULL","NULL",IF(score_n_equations!AC43>=4.5,"A",IF(score_n_equations!AC43>=3.5,"B",IF(score_n_equations!AC43>=2.5,"C",IF(score_n_equations!AC43>0,"D"))))) -> B | AD43: =IF(score_n_equations!AD43="NULL","NULL",IF(score_n_equations!AD43>=4.5,"A",IF(score_n_equations!AD43>=3.5,"B",IF(score_n_equations!AD43>=2.5,"C",IF(score_n_equations!AD43>0,"D"))))) -> B | AE43: =IF(score_n_equations!AE43="NULL","NULL",IF(score_n_equations!AE43>=4.5,"A",IF(score_n_equations!AE43>=3.5,"B",IF(score_n_equations!AE43>=2.5,"C",IF(score_n_equations!AE43>0,"D"))))) -> B

Sheet score_n_equations
B1: Landscape metrics | E1: Buffer Metrics | J1: Vegetation Metrics | Q1: Hydrology Metrics | U1: Physiochemistry | Y1: Size Metrics | AD1: Overall Score
A2: TIA_ID | B2: L1. Contiguous Natural Land Cover | C2: L2. Land Use Index | D2: Total | E2: B1. Perimeter with Natural Buffer | F2: B2. Width of Natural Buffer | G2: B3.1. Condition of Natural Buffer - Veg | H2: B3.2. Condition of Natural Buffer - Soils | I2: Total | J2: V1. Native Plant Species Cover | K2: V2. Invasive Nonnative Plant Species Cover | L2: V3. Native Plant Species Composition | M2: V4. Vegetation Structure | N2: V5. Regen. of Native Woody Species (opt.) | O2: V6. Coarse and Fine Woody Debris (opt.) | P2: Total | Q2: H1. Water Source | R2: H2. Hydroperiod | S2: H3. Hydrologic Connectivity | T2: Total | U2: S1. Soil Condition | V2: S2. Surface Water Turbidity / Pollutants (opt.) | W2: S3. Algal Growth (opt.) | X2: Total | Y2: Z1. Comparative Size (opt.) | Z2: Z2. Change in Size (opt.) | AA2: Total | AB2: Landscape Context score | AC2: Condition | AD2: Total EIA score | AE2: Overall EIA + Size Score and Rank | AF2: size index
A3: 515 | B3: =IF(score_l_equations!B3="A",5,IF(score_l_equations!B3="B",4,IF(score_l_equations!B3="C",3,IF(score_l_equations!B3="D",1,"NULL")))) -> 5 | C3: =IF(score_l_equations!C3="A",5,IF(score_l_equations!C3="B",4,IF(score_l_equations!C3="C",3,IF(score_l_equations!C3="D",1,"NULL")))) -> 5 | D3: =IF(B3="Null","NULL",AVERAGE(B3:C3)) -> 5 | E3: =IF(score_l_equations!E3="A",5,IF(score_l_equations!E3="B",4,IF(score_l_equations!E3="C",3,IF(score_l_equations!E3="D",1,"NULL")))) -> 5 | F3: =IF(score_l_equations!F3="A",5,IF(score_l_equations!F3="B",4,IF(score_l_equations!F3="C",3,IF(score_l_equations!F3="D",1,"NULL")))) -> 5 | G3: =IF(score_l_equations!G3="A",5,IF(score_l_equations!G3="B",4,IF(score_l_equations!G3="C",3,IF(score_l_equations!G3="D",1,"NULL")))) -> 4 | H3: =IF(score_l_equations!H3="A",5,IF(score_l_equations!H3="B",4,IF(score_l_equations!H3="C",3,IF(score_l_equations!H3="D",1,"NULL")))) -> 4 | I3: =IF(E3="Null","NULL",(SQRT(SQRT(E3*F3)*(AVERAGE(G3:H3))))) -> 4.472136 | J3: =IF(score_l_equations!J3="A",5,IF(score_l_equations!J3="B",4,IF(score_l_equations!J3="C",3,IF(score_l_equations!J3="C-",2,IF(score_l_equations!J3="D",1,"NULL"))))) -> 3 | K3: =IF(score_l_equations!K3="A",5,IF(score_l_equations!K3="B",4,IF(score_l_equations!K3="B",4,IF(score_l_equations!K3="C",3,IF(score_l_equations!K3="C-",2,IF(score_l_equations!K3="D",1,"NULL")))))) -> 4 | L3: =IF(score_l_equations!L3="A",5,IF(score_l_equations!L3="B",4,IF(score_l_equations!L3="B",4,IF(score_l_equations!L3="C",3,IF(score_l_equations!L3="C-",2,IF(score_l_equations!L3="D",1,"NULL")))))) -> 5 | M3: =IF(score_l_equations!M3="A",5,IF(score_l_equations!M3="B",4,IF(score_l_equations!M3="B",4,IF(score_l_equations!M3="C",3,IF(score_l_equations!M3="C-",2,IF(score_l_equations!M3="D",1,"NULL")))))) -> 5 | N3: =IF(score_l_equations!N3="A",5,IF(score_l_equations!N3="B",4,IF(score_l_equations!N3="B",4,IF(score_l_equations!N3="C",3,IF(score_l_equations!N3="C-",2,IF(score_l_equations!N3="D",1,"NULL")))))) -> NULL | O3: =IF(score_l_equations!O3="A",5,IF(score_l_equations!O3="B",4,IF(score_l_equations!O3="B",4,IF(score_l_equations!O3="C",3,IF(score_l_equations!O3="C-",2,IF(score_l_equations!O3="D",1,"NULL")))))) -> NULL | P3: =IF(J3="Null","NULL",AVERAGE(J3:O3)) -> 4.25 | Q3: =IF(score_l_equations!Q3="A",5,IF(score_l_equations!Q3="B",4,IF(score_l_equations!Q3="C",3,IF(score_l_equations!Q3="D",1,"NULL")))) -> 5 | R3: =IF(score_l_equations!R3="A",5,IF(score_l_equations!R3="B",4,IF(score_l_equations!R3="C",3,IF(score_l_equations!R3="D",1,"NULL")))) -> 5 | S3: =IF(score_l_equations!S3="A",5,IF(score_l_equations!S3="B",4,IF(score_l_equations!S3="C",3,IF(score_l_equations!S3="D",1,"NULL")))) -> 5 | T3: =IF(Q3="Null","NULL",AVERAGE(Q3:S3)) -> 5 | U3: =IF(score_l_equations!U3="A",5,IF(score_l_equations!U3="B",4,IF(score_l_equations!U3="C",3,IF(score_l_equations!U3="D",1,"NULL")))) -> 4 | V3: =IF(score_l_equations!V3="A",5,IF(score_l_equations!V3="B",4,IF(score_l_equations!V3="C",3,IF(score_l_equations!V3="D",1,"NULL")))) -> 5 | W3: =IF(score_l_equations!W3="A",5,IF(score_l_equations!W3="B",4,IF(score_l_equations!W3="C",3,IF(score_l_equations!W3="D",1,"NULL")))) -> 5 | X3: =IF(U3="Null","NULL",AVERAGE(U3:W3)) -> 4.6666667 | Y3: =IF(score_l_equations!Y3="A",5,IF(score_l_equations!Y3="B",4,IF(score_l_equations!Y3="C",3,IF(score_l_equations!Y3="D",1,"NULL")))) -> 4 | Z3: =IF(score_l_equations!Z3="A",5,IF(score_l_equations!Z3="B",4,IF(score_l_equations!Z3="C",3,IF(score_l_equations!Z3="D",1,"NULL")))) -> 5 | AA3: =IF(Y3="Null","NULL",AVERAGE(Y3:Z3)) -> 4.5 | AB3: =(D3*0.33)+(I3*0.67) -> 4.6463311 | AC3: =(P3*0.55)+(T3*0.35)+(X3*0.1) -> 4.5541667 | AD3: =(AB3*0.3)+(AC3*0.7) -> 4.581816 | AE3: =AD3+AF3 -> 5.081816 | AF3: =IF(AA3<1.5,-0.5,IF(AA3<2.5,-0.25,IF(AA3<3.5,0.25,0.5))) -> 0.5 | AH3: =SUM(P3,T3,X3)/3 -> 4.6388889
A4: 603 | B4: =IF(score_l_equations!B4="A",5,IF(score_l_equations!B4="B",4,IF(score_l_equations!B4="C",3,IF(score_l_equations!B4="D",1,"NULL")))) -> 5 | C4: =IF(score_l_equations!C4="A",5,IF(score_l_equations!C4="B",4,IF(score_l_equations!C4="C",3,IF(score_l_equations!C4="D",1,"NULL")))) -> 5 | D4: =IF(B4="Null","NULL",AVERAGE(B4:C4)) -> 5 | E4: =IF(score_l_equations!E4="A",5,IF(score_l_equations!E4="B",4,IF(score_l_equations!E4="C",3,IF(score_l_equations!E4="D",1,"NULL")))) -> 5 | F4: =IF(score_l_equations!F4="A",5,IF(score_l_equations!F4="B",4,IF(score_l_equations!F4="C",3,IF(score_l_equations!F4="D",1,"NULL")))) -> 5 | G4: =IF(score_l_equations!G4="A",5,IF(score_l_equations!G4="B",4,IF(score_l_equations!G4="C",3,IF(score_l_equations!G4="D",1,"NULL")))) -> 4 | H4: =IF(score_l_equations!H4="A",5,IF(score_l_equations!H4="B",4,IF(score_l_equations!H4="C",3,IF(score_l_equations!H4="D",1,"NULL")))) -> 4 | I4: =IF(E4="Null","NULL",(SQRT(SQRT(E4*F4)*(AVERAGE(G4:H4))))) -> 4.472136 | J4: =IF(score_l_equations!J4="A",5,IF(score_l_equations!J4="B",4,IF(score_l_equations!J4="B",4,IF(score_l_equations!J4="C",3,IF(score_l_equations!J4="C-",2,IF(score_l_equations!J4="D",1,"NULL")))))) -> 2 | K4: =IF(score_l_equations!K4="A",5,IF(score_l_equations!K4="B",4,IF(score_l_equations!K4="B",4,IF(score_l_equations!K4="C",3,IF(score_l_equations!K4="C-",2,IF(score_l_equations!K4="D",1,"NULL")))))) -> 4 | L4: =IF(score_l_equations!L4="A",5,IF(score_l_equations!L4="B",4,IF(score_l_equations!L4="B",4,IF(score_l_equations!L4="C",3,IF(score_l_equations!L4="C-",2,IF(score_l_equations!L4="D",1,"NULL")))))) -> 3 | M4: =IF(score_l_equations!M4="A",5,IF(score_l_equations!M4="B",4,IF(score_l_equations!M4="B",4,IF(score_l_equations!M4="C",3,IF(score_l_equations!M4="C-",2,IF(score_l_equations!M4="D",1,"NULL")))))) -> 5 | N4: =IF(score_l_equations!N4="A",5,IF(score_l_equations!N4="B",4,IF(score_l_equations!N4="B",4,IF(score_l_equations!N4="C",3,IF(score_l_equations!N4="C-",2,IF(score_l_equations!N4="D",1,"NULL")))))) -> NULL | O4: =IF(score_l_equations!O4="A",5,IF(score_l_equations!O4="B",4,IF(score_l_equations!O4="B",4,IF(score_l_equations!O4="C",3,IF(score_l_equations!O4="C-",2,IF(score_l_equations!O4="D",1,"NULL")))))) -> NULL | P4: =IF(J4="Null","NULL",AVERAGE(J4:O4)) -> 3.5 | Q4: =IF(score_l_equations!Q4="A",5,IF(score_l_equations!Q4="B",4,IF(score_l_equations!Q4="C",3,IF(score_l_equations!Q4="D",1,"NULL")))) -> 5 | R4: =IF(score_l_equations!R4="A",5,IF(score_l_equations!R4="B",4,IF(score_l_equations!R4="C",3,IF(score_l_equations!R4="D",1,"NULL")))) -> 5 | S4: =IF(score_l_equations!S4="A",5,IF(score_l_equations!S4="B",4,IF(score_l_equations!S4="C",3,IF(score_l_equations!S4="D",1,"NULL")))) -> 4 | T4: =IF(Q4="Null","NULL",AVERAGE(Q4:S4)) -> 4.6666667 | U4: =IF(score_l_equations!U4="A",5,IF(score_l_equations!U4="B",4,IF(score_l_equations!U4="C",3,IF(score_l_equations!U4="D",1,"NULL")))) -> 3 | V4: =IF(score_l_equations!V4="A",5,IF(score_l_equations!V4="B",4,IF(score_l_equations!V4="C",3,IF(score_l_equations!V4="D",1,"NULL")))) -> NULL | W4: =IF(score_l_equations!W4="A",5,IF(score_l_equations!W4="B",4,IF(score_l_equations!W4="C",3,IF(score_l_equations!W4="D",1,"NULL")))) -> NULL | X4: =IF(U4="Null","NULL",AVERAGE(U4:W4)) -> 3 | Y4: =IF(score_l_equations!Y4="A",5,IF(score_l_equations!Y4="B",4,IF(score_l_equations!Y4="C",3,IF(score_l_equations!Y4="D",1,"NULL")))) -> 3 | Z4: =IF(score_l_equations!Z4="A",5,IF(score_l_equations!Z4="B",4,IF(score_l_equations!Z4="C",3,IF(score_l_equations!Z4="D",1,"NULL")))) -> 5 | AA4: =IF(Y4="Null","NULL",AVERAGE(Y4:Z4)) -> 4 | AB4: =(D4*0.33)+(I4*0.67) -> 4.6463311 | AC4: =(P4*0.55)+(T4*0.35)+(X4*0.1) -> 3.8583333 | AD4: =(AB4*0.3)+(AC4*0.7) -> 4.0947327 | AE4: =AD4+AF4 -> 4.5947327 | AF4: =IF(AA4<1.5,-0.5,IF(AA4<2.5,-0.25,IF(AA4<3.5,0.25,0.5))) -> 0.5
A5: 667 | B5: =IF(score_l_equations!B5="A",5,IF(score_l_equations!B5="B",4,IF(score_l_equations!B5="C",3,IF(score_l_equations!B5="D",1,"NULL")))) -> 1 | C5: =IF(score_l_equations!C5="A",5,IF(score_l_equations!C5="B",4,IF(score_l_equations!C5="C",3,IF(score_l_equations!C5="D",1,"NULL")))) -> 1 | D5: =IF(B5="Null","NULL",AVERAGE(B5:C5)) -> 1 | E5: =IF(score_l_equations!E5="A",5,IF(score_l_equations!E5="B",4,IF(score_l_equations!E5="C",3,IF(score_l_equations!E5="D",1,"NULL")))) -> 3 | F5: =IF(score_l_equations!F5="A",5,IF(score_l_equations!F5="B",4,IF(score_l_equations!F5="C",3,IF(score_l_equations!F5="D",1,"NULL")))) -> 3 | G5: =IF(score_l_equations!G5="A",5,IF(score_l_equations!G5="B",4,IF(score_l_equations!G5="C",3,IF(score_l_equations!G5="D",1,"NULL")))) -> 3 | H5: =IF(score_l_equations!H5="A",5,IF(score_l_equations!H5="B",4,IF(score_l_equations!H5="C",3,IF(score_l_equations!H5="D",1,"NULL")))) -> 3 | I5: =IF(E5="Null","NULL",(SQRT(SQRT(E5*F5)*(AVERAGE(G5:H5))))) -> 3 | J5: =IF(score_l_equations!J5="A",5,IF(score_l_equations!J5="B",4,IF(score_l_equations!J5="B",4,IF(score_l_equations!J5="C",3,IF(score_l_equations!J5="C-",2,IF(score_l_equations!J5="D",1,"NULL")))))) -> 1 | K5: =IF(score_l_equations!K5="A",5,IF(score_l_equations!K5="B",4,IF(score_l_equations!K5="B",4,IF(score_l_equations!K5="C",3,IF(score_l_equations!K5="C-",2,IF(score_l_equations!K5="D",1,"NULL")))))) -> 3 | L5: =IF(score_l_equations!L5="A",5,IF(score_l_equations!L5="B",4,IF(score_l_equations!L5="B",4,IF(score_l_equations!L5="C",3,IF(score_l_equations!L5="C-",2,IF(score_l_equations!L5="D",1,"NULL")))))) -> 3 | M5: =IF(score_l_equations!M5="A",5,IF(score_l_equations!M5="B",4,IF(score_l_equations!M5="B",4,IF(score_l_equations!M5="C",3,IF(score_l_equations!M5="C-",2,IF(score_l_equations!M5="D",1,"NULL")))))) -> 4 | N5: =IF(score_l_equations!N5="A",5,IF(score_l_equations!N5="B",4,IF(score_l_equations!N5="B",4,IF(score_l_equations!N5="C",3,IF(score_l_equations!N5="C-",2,IF(score_l_equations!N5="D",1,"NULL")))))) -> 4 | O5: =IF(score_l_equations!O5="A",5,IF(score_l_equations!O5="B",4,IF(score_l_equations!O5="B",4,IF(score_l_equations!O5="C",3,IF(score_l_equations!O5="C-",2,IF(score_l_equations!O5="D",1,"NULL")))))) -> 3 | P5: =IF(J5="Null","NULL",AVERAGE(J5:O5)) -> 3 | Q5: =IF(score_l_equations!Q5="A",5,IF(score_l_equations!Q5="B",4,IF(score_l_equations!Q5="C",3,IF(score_l_equations!Q5="D",1,"NULL")))) -> 4 | R5: =IF(score_l_equations!R5="A",5,IF(score_l_equations!R5="B",4,IF(score_l_equations!R5="C",3,IF(score_l_equations!R5="D",1,"NULL")))) -> 1 | S5: =IF(score_l_equations!S5="A",5,IF(score_l_equations!S5="B",4,IF(score_l_equations!S5="C",3,IF(score_l_equations!S5="D",1,"NULL")))) -> 3 | T5: =IF(Q5="Null","NULL",AVERAGE(Q5:S5)) -> 2.6666667 | U5: =IF(score_l_equations!U5="A",5,IF(score_l_equations!U5="B",4,IF(score_l_equations!U5="C",3,IF(score_l_equations!U5="D",1,"NULL")))) -> 4 | V5: =IF(score_l_equations!V5="A",5,IF(score_l_equations!V5="B",4,IF(score_l_equations!V5="C",3,IF(score_l_equations!V5="D",1,"NULL")))) -> 1 | W5: =IF(score_l_equations!W5="A",5,IF(score_l_equations!W5="B",4,IF(score_l_equations!W5="C",3,IF(score_l_equations!W5="D",1,"NULL")))) -> 5 | X5: =IF(U5="Null","NULL",AVERAGE(U5:W5)) -> 3.3333333 | Y5: =IF(score_l_equations!Y5="A",5,IF(score_l_equations!Y5="B",4,IF(score_l_equations!Y5="C",3,IF(score_l_equations!Y5="D",1,"NULL")))) -> 3 | Z5: =IF(score_l_equations!Z5="A",5,IF(score_l_equations!Z5="B",4,IF(score_l_equations!Z5="C",3,IF(score_l_equations!Z5="D",1,"NULL")))) -> 1 | AA5: =IF(Y5="Null","NULL",AVERAGE(Y5:Z5)) -> 2 | AB5: =(D5*0.33)+(I5*0.67) -> 2.34 | AC5: =(P5*0.55)+(T5*0.35)+(X5*0.1) -> 2.9166667 | AD5: =(AB5*0.3)+(AC5*0.7) -> 2.7436667 | AE5: =AD5+AF5 -> 2.4936667 | AF5: =IF(AA5<1.5,-0.5,IF(AA5<2.5,-0.25,IF(AA5<3.5,0.25,0.5))) -> -0.25
A6: 674 | B6: =IF(score_l_equations!B6="A",5,IF(score_l_equations!B6="B",4,IF(score_l_equations!B6="C",3,IF(score_l_equations!B6="D",1,"NULL")))) -> 5 | C6: =IF(score_l_equations!C6="A",5,IF(score_l_equations!C6="B",4,IF(score_l_equations!C6="C",3,IF(score_l_equations!C6="D",1,"NULL")))) -> 5 | D6: =IF(B6="Null","NULL",AVERAGE(B6:C6)) -> 5 | E6: =IF(score_l_equations!E6="A",5,IF(score_l_equations!E6="B",4,IF(score_l_equations!E6="C",3,IF(score_l_equations!E6="D",1,"NULL")))) -> 5 | F6: =IF(score_l_equations!F6="A",5,IF(score_l_equations!F6="B",4,IF(score_l_equations!F6="C",3,IF(score_l_equations!F6="D",1,"NULL")))) -> 5 | G6: =IF(score_l_equations!G6="A",5,IF(score_l_equations!G6="B",4,IF(score_l_equations!G6="C",3,IF(score_l_equations!G6="D",1,"NULL")))) -> 4 | H6: =IF(score_l_equations!H6="A",5,IF(score_l_equations!H6="B",4,IF(score_l_equations!H6="C",3,IF(score_l_equations!H6="D",1,"NULL")))) -> 5 | I6: =IF(E6="Null","NULL",(SQRT(SQRT(E6*F6)*(AVERAGE(G6:H6))))) -> 4.7434165 | J6: =IF(score_l_equations!J6="A",5,IF(score_l_equations!J6="B",4,IF(score_l_equations!J6="B",4,IF(score_l_equations!J6="C",3,IF(score_l_equations!J6="C-",2,IF(score_l_equations!J6="D",1,"NULL")))))) -> 3 | K6: =IF(score_l_equations!K6="A",5,IF(score_l_equations!K6="B",4,IF(score_l_equations!K6="B",4,IF(score_l_equations!K6="C",3,IF(score_l_equations!K6="C-",2,IF(score_l_equations!K6="D",1,"NULL")))))) -> 4 | L6: =IF(score_l_equations!L6="A",5,IF(score_l_equations!L6="B",4,IF(score_l_equations!L6="B",4,IF(score_l_equations!L6="C",3,IF(score_l_equations!L6="C-",2,IF(score_l_equations!L6="D",1,"NULL")))))) -> 4 | M6: =IF(score_l_equations!M6="A",5,IF(score_l_equations!M6="B",4,IF(score_l_equations!M6="B",4,IF(score_l_equations!M6="C",3,IF(score_l_equations!M6="C-",2,IF(score_l_equations!M6="D",1,"NULL")))))) -> 5 | N6: =IF(score_l_equations!N6="A",5,IF(score_l_equations!N6="B",4,IF(score_l_equations!N6="B",4,IF(score_l_equations!N6="C",3,IF(score_l_equations!N6="C-",2,IF(score_l_equations!N6="D",1,"NULL")))))) -> NULL | O6: =IF(score_l_equations!O6="A",5,IF(score_l_equations!O6="B",4,IF(score_l_equations!O6="B",4,IF(score_l_equations!O6="C",3,IF(score_l_equations!O6="C-",2,IF(score_l_equations!O6="D",1,"NULL")))))) -> NULL | P6: =IF(J6="Null","NULL",AVERAGE(J6:O6)) -> 4 | Q6: =IF(score_l_equations!Q6="A",5,IF(score_l_equations!Q6="B",4,IF(score_l_equations!Q6="C",3,IF(score_l_equations!Q6="D",1,"NULL")))) -> 5 | R6: =IF(score_l_equations!R6="A",5,IF(score_l_equations!R6="B",4,IF(score_l_equations!R6="C",3,IF(score_l_equations!R6="D",1,"NULL")))) -> 5 | S6: =IF(score_l_equations!S6="A",5,IF(score_l_equations!S6="B",4,IF(score_l_equations!S6="C",3,IF(score_l_equations!S6="D",1,"NULL")))) -> 5 | T6: =IF(Q6="Null","NULL",AVERAGE(Q6:S6)) -> 5 | U6: =IF(score_l_equations!U6="A",5,IF(score_l_equations!U6="B",4,IF(score_l_equations!U6="C",3,IF(score_l_equations!U6="D",1,"NULL")))) -> 4 | V6: =IF(score_l_equations!V6="A",5,IF(score_l_equations!V6="B",4,IF(score_l_equations!V6="C",3,IF(score_l_equations!V6="D",1,"NULL")))) -> 5 | W6: =IF(score_l_equations!W6="A",5,IF(score_l_equations!W6="B",4,IF(score_l_equations!W6="C",3,IF(score_l_equations!W6="D",1,"NULL")))) -> 5 | X6: =IF(U6="Null","NULL",AVERAGE(U6:W6)) -> 4.6666667 | Y6: =IF(score_l_equations!Y6="A",5,IF(score_l_equations!Y6="B",4,IF(score_l_equations!Y6="C",3,IF(score_l_equations!Y6="D",1,"NULL")))) -> 4 | Z6: =IF(score_l_equations!Z6="A",5,IF(score_l_equations!Z6="B",4,IF(score_l_equations!Z6="C",3,IF(score_l_equations!Z6="D",1,"NULL")))) -> 5 | AA6: =IF(Y6="Null","NULL",AVERAGE(Y6:Z6)) -> 4.5 | AB6: =(D6*0.33)+(I6*0.67) -> 4.828089 | AC6: =(P6*0.55)+(T6*0.35)+(X6*0.1) -> 4.4166667 | AD6: =(AB6*0.3)+(AC6*0.7) -> 4.5400934 | AE6: =AD6+AF6 -> 5.0400934 | AF6: =IF(AA6<1.5,-0.5,IF(AA6<2.5,-0.25,IF(AA6<3.5,0.25,0.5))) -> 0.5
A7: 1102 | B7: =IF(score_l_equations!B7="A",5,IF(score_l_equations!B7="B",4,IF(score_l_equations!B7="C",3,IF(score_l_equations!B7="D",1,"NULL")))) -> 4 | C7: =IF(score_l_equations!C7="A",5,IF(score_l_equations!C7="B",4,IF(score_l_equations!C7="C",3,IF(score_l_equations!C7="D",1,"NULL")))) -> 5 | D7: =IF(B7="Null","NULL",AVERAGE(B7:C7)) -> 4.5 | E7: =IF(score_l_equations!E7="A",5,IF(score_l_equations!E7="B",4,IF(score_l_equations!E7="C",3,IF(score_l_equations!E7="D",1,"NULL")))) -> 4 | F7: =IF(score_l_equations!F7="A",5,IF(score_l_equations!F7="B",4,IF(score_l_equations!F7="C",3,IF(score_l_equations!F7="D",1,"NULL")))) -> 4 | G7: =IF(score_l_equations!G7="A",5,IF(score_l_equations!G7="B",4,IF(score_l_equations!G7="C",3,IF(score_l_equations!G7="D",1,"NULL")))) -> 5 | H7: =IF(score_l_equations!H7="A",5,IF(score_l_equations!H7="B",4,IF(score_l_equations!H7="C",3,IF(score_l_equations!H7="D",1,"NULL")))) -> 5 | I7: =IF(E7="Null","NULL",(SQRT(SQRT(E7*F7)*(AVERAGE(G7:H7))))) -> 4.472136 | J7: =IF(score_l_equations!J7="A",5,IF(score_l_equations!J7="B",4,IF(score_l_equations!J7="B",4,IF(score_l_equations!J7="C",3,IF(score_l_equations!J7="C-",2,IF(score_l_equations!J7="D",1,"NULL")))))) -> 3 | K7: =IF(score_l_equations!K7="A",5,IF(score_l_equations!K7="B",4,IF(score_l_equations!K7="B",4,IF(score_l_equations!K7="C",3,IF(score_l_equations!K7="C-",2,IF(score_l_equations!K7="D",1,"NULL")))))) -> 5 | L7: =IF(score_l_equations!L7="A",5,IF(score_l_equations!L7="B",4,IF(score_l_equations!L7="B",4,IF(score_l_equations!L7="C",3,IF(score_l_equations!L7="C-",2,IF(score_l_equations!L7="D",1,"NULL")))))) -> 5 | M7: =IF(score_l_equations!M7="A",5,IF(score_l_equations!M7="B",4,IF(score_l_equations!M7="B",4,IF(score_l_equations!M7="C",3,IF(score_l_equations!M7="C-",2,IF(score_l_equations!M7="D",1,"NULL")))))) -> 5 | N7: =IF(score_l_equations!N7="A",5,IF(score_l_equations!N7="B",4,IF(score_l_equations!N7="B",4,IF(score_l_equations!N7="C",3,IF(score_l_equations!N7="C-",2,IF(score_l_equations!N7="D",1,"NULL")))))) -> NULL | O7: =IF(score_l_equations!O7="A",5,IF(score_l_equations!O7="B",4,IF(score_l_equations!O7="B",4,IF(score_l_equations!O7="C",3,IF(score_l_equations!O7="C-",2,IF(score_l_equations!O7="D",1,"NULL")))))) -> NULL | P7: =IF(J7="Null","NULL",AVERAGE(J7:O7)) -> 4.5 | Q7: =IF(score_l_equations!Q7="A",5,IF(score_l_equations!Q7="B",4,IF(score_l_equations!Q7="C",3,IF(score_l_equations!Q7="D",1,"NULL")))) -> 5 | R7: =IF(score_l_equations!R7="A",5,IF(score_l_equations!R7="B",4,IF(score_l_equations!R7="C",3,IF(score_l_equations!R7="D",1,"NULL")))) -> 5 | S7: =IF(score_l_equations!S7="A",5,IF(score_l_equations!S7="B",4,IF(score_l_equations!S7="C",3,IF(score_l_equations!S7="D",1,"NULL")))) -> 5 | T7: =IF(Q7="Null","NULL",AVERAGE(Q7:S7)) -> 5 | U7: =IF(score_l_equations!U7="A",5,IF(score_l_equations!U7="B",4,IF(score_l_equations!U7="C",3,IF(score_l_equations!U7="D",1,"NULL")))) -> 5 | V7: =IF(score_l_equations!V7="A",5,IF(score_l_equations!V7="B",4,IF(score_l_equations!V7="C",3,IF(score_l_equations!V7="D",1,"NULL")))) -> 5 | W7: =IF(score_l_equations!W7="A",5,IF(score_l_equations!W7="B",4,IF(score_l_equations!W7="C",3,IF(score_l_equations!W7="D",1,"NULL")))) -> 5 | X7: =IF(U7="Null","NULL",AVERAGE(U7:W7)) -> 5 | Y7: =IF(score_l_equations!Y7="A",5,IF(score_l_equations!Y7="B",4,IF(score_l_equations!Y7="C",3,IF(score_l_equations!Y7="D",1,"NULL")))) -> 5 | Z7: =IF(score_l_equations!Z7="A",5,IF(score_l_equations!Z7="B",4,IF(score_l_equations!Z7="C",3,IF(score_l_equations!Z7="D",1,"NULL")))) -> 3 | AA7: =IF(Y7="Null","NULL",AVERAGE(Y7:Z7)) -> 4 | AB7: =(D7*0.33)+(I7*0.67) -> 4.4813311 | AC7: =(P7*0.55)+(T7*0.35)+(X7*0.1) -> 4.725 | AD7: =(AB7*0.3)+(AC7*0.7) -> 4.6518993 | AE7: =AD7+AF7 -> 5.1518993 | AF7: =IF(AA7<1.5,-0.5,IF(AA7<2.5,-0.25,IF(AA7<3.5,0.25,0.5))) -> 0.5
A8: 1251 | B8: =IF(score_l_equations!B8="A",5,IF(score_l_equations!B8="B",4,IF(score_l_equations!B8="C",3,IF(score_l_equations!B8="D",1,"NULL")))) -> 5 | C8: =IF(score_l_equations!C8="A",5,IF(score_l_equations!C8="B",4,IF(score_l_equations!C8="C",3,IF(score_l_equations!C8="D",1,"NULL")))) -> 5 | D8: =IF(B8="Null","NULL",AVERAGE(B8:C8)) -> 5 | E8: =IF(score_l_equations!E8="A",5,IF(score_l_equations!E8="B",4,IF(score_l_equations!E8="C",3,IF(score_l_equations!E8="D",1,"NULL")))) -> 5 | F8: =IF(score_l_equations!F8="A",5,IF(score_l_equations!F8="B",4,IF(score_l_equations!F8="C",3,IF(score_l_equations!F8="D",1,"NULL")))) -> 5 | G8: =IF(score_l_equations!G8="A",5,IF(score_l_equations!G8="B",4,IF(score_l_equations!G8="C",3,IF(score_l_equations!G8="D",1,"NULL")))) -> 5 | H8: =IF(score_l_equations!H8="A",5,IF(score_l_equations!H8="B",4,IF(score_l_equations!H8="C",3,IF(score_l_equations!H8="D",1,"NULL")))) -> 5 | I8: =IF(E8="Null","NULL",(SQRT(SQRT(E8*F8)*(AVERAGE(G8:H8))))) -> 5 | J8: =IF(score_l_equations!J8="A",5,IF(score_l_equations!J8="B",4,IF(score_l_equations!J8="B",4,IF(score_l_equations!J8="C",3,IF(score_l_equations!J8="C-",2,IF(score_l_equations!J8="D",1,"NULL")))))) -> 3 | K8: =IF(score_l_equations!K8="A",5,IF(score_l_equations!K8="B",4,IF(score_l_equations!K8="B",4,IF(score_l_equations!K8="C",3,IF(score_l_equations!K8="C-",2,IF(score_l_equations!K8="D",1,"NULL")))))) -> 3 | L8: =IF(score_l_equations!L8="A",5,IF(score_l_equations!L8="B",4,IF(score_l_equations!L8="B",4,IF(score_l_equations!L8="C",3,IF(score_l_equations!L8="C-",2,IF(score_l_equations!L8="D",1,"NULL")))))) -> 3 | M8: =IF(score_l_equations!M8="A",5,IF(score_l_equations!M8="B",4,IF(score_l_equations!M8="B",4,IF(score_l_equations!M8="C",3,IF(score_l_equations!M8="C-",2,IF(score_l_equations!M8="D",1,"NULL")))))) -> 3 | N8: =IF(score_l_equations!N8="A",5,IF(score_l_equations!N8="B",4,IF(score_l_equations!N8="B",4,IF(score_l_equations!N8="C",3,IF(score_l_equations!N8="C-",2,IF(score_l_equations!N8="D",1,"NULL")))))) -> NULL | O8: =IF(score_l_equations!O8="A",5,IF(score_l_equations!O8="B",4,IF(score_l_equations!O8="B",4,IF(score_l_equations!O8="C",3,IF(score_l_equations!O8="C-",2,IF(score_l_equations!O8="D",1,"NULL")))))) -> NULL | P8: =IF(J8="Null","NULL",AVERAGE(J8:O8)) -> 3 | Q8: =IF(score_l_equations!Q8="A",5,IF(score_l_equations!Q8="B",4,IF(score_l_equations!Q8="C",3,IF(score_l_equations!Q8="D",1,"NULL")))) -> 5 | R8: =IF(score_l_equations!R8="A",5,IF(score_l_equations!R8="B",4,IF(score_l_equations!R8="C",3,IF(score_l_equations!R8="D",1,"NULL")))) -> 5 | S8: =IF(score_l_equations!S8="A",5,IF(score_l_equations!S8="B",4,IF(score_l_equations!S8="C",3,IF(score_l_equations!S8="D",1,"NULL")))) -> 4 | T8: =IF(Q8="Null","NULL",AVERAGE(Q8:S8)) -> 4.6666667 | U8: =IF(score_l_equations!U8="A",5,IF(score_l_equations!U8="B",4,IF(score_l_equations!U8="C",3,IF(score_l_equations!U8="D",1,"NULL")))) -> 3 | V8: =IF(score_l_equations!V8="A",5,IF(score_l_equations!V8="B",4,IF(score_l_equations!V8="C",3,IF(score_l_equations!V8="D",1,"NULL")))) -> 5 | W8: =IF(score_l_equations!W8="A",5,IF(score_l_equations!W8="B",4,IF(score_l_equations!W8="C",3,IF(score_l_equations!W8="D",1,"NULL")))) -> 3 | X8: =IF(U8="Null","NULL",AVERAGE(U8:W8)) -> 3.6666667 | Y8: =IF(score_l_equations!Y8="A",5,IF(score_l_equations!Y8="B",4,IF(score_l_equations!Y8="C",3,IF(score_l_equations!Y8="D",1,"NULL")))) -> 4 | Z8: =IF(score_l_equations!Z8="A",5,IF(score_l_equations!Z8="B",4,IF(score_l_equations!Z8="C",3,IF(score_l_equations!Z8="D",1,"NULL")))) -> 5 | AA8: =IF(Y8="Null","NULL",AVERAGE(Y8:Z8)) -> 4.5 | AB8: =(D8*0.33)+(I8*0.67) -> 5 | AC8: =(P8*0.55)+(T8*0.35)+(X8*0.1) -> 3.65 | AD8: =(AB8*0.3)+(AC8*0.7) -> 4.055 | AE8: =AD8+AF8 -> 4.555 | AF8: =IF(AA8<1.5,-0.5,IF(AA8<2.5,-0.25,IF(AA8<3.5,0.25,0.5))) -> 0.5
A9: 1270 | B9: =IF(score_l_equations!B9="A",5,IF(score_l_equations!B9="B",4,IF(score_l_equations!B9="C",3,IF(score_l_equations!B9="D",1,"NULL")))) -> 4 | C9: =IF(score_l_equations!C9="A",5,IF(score_l_equations!C9="B",4,IF(score_l_equations!C9="C",3,IF(score_l_equations!C9="D",1,"NULL")))) -> 5 | D9: =IF(B9="Null","NULL",AVERAGE(B9:C9)) -> 4.5 | E9: =IF(score_l_equations!E9="A",5,IF(score_l_equations!E9="B",4,IF(score_l_equations!E9="C",3,IF(score_l_equations!E9="D",1,"NULL")))) -> 5 | F9: =IF(score_l_equations!F9="A",5,IF(score_l_equations!F9="B",4,IF(score_l_equations!F9="C",3,IF(score_l_equations!F9="D",1,"NULL")))) -> 5 | G9: =IF(score_l_equations!G9="A",5,IF(score_l_equations!G9="B",4,IF(score_l_equations!G9="C",3,IF(score_l_equations!G9="D",1,"NULL")))) -> 3 | H9: =IF(score_l_equations!H9="A",5,IF(score_l_equations!H9="B",4,IF(score_l_equations!H9="C",3,IF(score_l_equations!H9="D",1,"NULL")))) -> 4 | I9: =IF(E9="Null","NULL",(SQRT(SQRT(E9*F9)*(AVERAGE(G9:H9))))) -> 4.1833001 | J9: =IF(score_l_equations!J9="A",5,IF(score_l_equations!J9="B",4,IF(score_l_equations!J9="B",4,IF(score_l_equations!J9="C",3,IF(score_l_equations!J9="C-",2,IF(score_l_equations!J9="D",1,"NULL")))))) -> 2 | K9: =IF(score_l_equations!K9="A",5,IF(score_l_equations!K9="B",4,IF(score_l_equations!K9="B",4,IF(score_l_equations!K9="C",3,IF(score_l_equations!K9="C-",2,IF(score_l_equations!K9="D",1,"NULL")))))) -> 4 | L9: =IF(score_l_equations!L9="A",5,IF(score_l_equations!L9="B",4,IF(score_l_equations!L9="B",4,IF(score_l_equations!L9="C",3,IF(score_l_equations!L9="C-",2,IF(score_l_equations!L9="D",1,"NULL")))))) -> 3 | M9: =IF(score_l_equations!M9="A",5,IF(score_l_equations!M9="B",4,IF(score_l_equations!M9="B",4,IF(score_l_equations!M9="C",3,IF(score_l_equations!M9="C-",2,IF(score_l_equations!M9="D",1,"NULL")))))) -> 3 | N9: =IF(score_l_equations!N9="A",5,IF(score_l_equations!N9="B",4,IF(score_l_equations!N9="B",4,IF(score_l_equations!N9="C",3,IF(score_l_equations!N9="C-",2,IF(score_l_equations!N9="D",1,"NULL")))))) -> NULL | O9: =IF(score_l_equations!O9="A",5,IF(score_l_equations!O9="B",4,IF(score_l_equations!O9="B",4,IF(score_l_equations!O9="C",3,IF(score_l_equations!O9="C-",2,IF(score_l_equations!O9="D",1,"NULL")))))) -> NULL | P9: =IF(J9="Null","NULL",AVERAGE(J9:O9)) -> 3 | Q9: =IF(score_l_equations!Q9="A",5,IF(score_l_equations!Q9="B",4,IF(score_l_equations!Q9="C",3,IF(score_l_equations!Q9="D",1,"NULL")))) -> 5 | R9: =IF(score_l_equations!R9="A",5,IF(score_l_equations!R9="B",4,IF(score_l_equations!R9="C",3,IF(score_l_equations!R9="D",1,"NULL")))) -> 5 | S9: =IF(score_l_equations!S9="A",5,IF(score_l_equations!S9="B",4,IF(score_l_equations!S9="C",3,IF(score_l_equations!S9="D",1,"NULL")))) -> 5 | T9: =IF(Q9="Null","NULL",AVERAGE(Q9:S9)) -> 5 | U9: =IF(score_l_equations!U9="A",5,IF(score_l_equations!U9="B",4,IF(score_l_equations!U9="C",3,IF(score_l_equations!U9="D",1,"NULL")))) -> 5 | V9: =IF(score_l_equations!V9="A",5,IF(score_l_equations!V9="B",4,IF(score_l_equations!V9="C",3,IF(score_l_equations!V9="D",1,"NULL")))) -> 5 | W9: =IF(score_l_equations!W9="A",5,IF(score_l_equations!W9="B",4,IF(score_l_equations!W9="C",3,IF(score_l_equations!W9="D",1,"NULL")))) -> 3 | X9: =IF(U9="Null","NULL",AVERAGE(U9:W9)) -> 4.3333333 | Y9: =IF(score_l_equations!Y9="A",5,IF(score_l_equations!Y9="B",4,IF(score_l_equations!Y9="C",3,IF(score_l_equations!Y9="D",1,"NULL")))) -> 5 | Z9: =IF(score_l_equations!Z9="A",5,IF(score_l_equations!Z9="B",4,IF(score_l_equations!Z9="C",3,IF(score_l_equations!Z9="D",1,"NULL")))) -> 5 | AA9: =IF(Y9="Null","NULL",AVERAGE(Y9:Z9)) -> 5 | AB9: =(D9*0.33)+(I9*0.67) -> 4.2878111 | AC9: =(P9*0.55)+(T9*0.35)+(X9*0.1) -> 3.8333333 | AD9: =(AB9*0.3)+(AC9*0.7) -> 3.9696767 | AE9: =AD9+AF9 -> 4.4696767 | AF9: =IF(AA9<1.5,-0.5,IF(AA9<2.5,-0.25,IF(AA9<3.5,0.25,0.5))) -> 0.5
A10: 1368 | B10: =IF(score_l_equations!B10="A",5,IF(score_l_equations!B10="B",4,IF(score_l_equations!B10="C",3,IF(score_l_equations!B10="D",1,"NULL")))) -> 5 | C10: =IF(score_l_equations!C10="A",5,IF(score_l_equations!C10="B",4,IF(score_l_equations!C10="C",3,IF(score_l_equations!C10="D",1,"NULL")))) -> 5 | D10: =IF(B10="Null","NULL",AVERAGE(B10:C10)) -> 5 | E10: =IF(score_l_equations!E10="A",5,IF(score_l_equations!E10="B",4,IF(score_l_equations!E10="C",3,IF(score_l_equations!E10="D",1,"NULL")))) -> 5 | F10: =IF(score_l_equations!F10="A",5,IF(score_l_equations!F10="B",4,IF(score_l_equations!F10="C",3,IF(score_l_equations!F10="D",1,"NULL")))) -> 5 | G10: =IF(score_l_equations!G10="A",5,IF(score_l_equations!G10="B",4,IF(score_l_equations!G10="C",3,IF(score_l_equations!G10="D",1,"NULL")))) -> 4 | H10: =IF(score_l_equations!H10="A",5,IF(score_l_equations!H10="B",4,IF(score_l_equations!H10="C",3,IF(score_l_equations!H10="D",1,"NULL")))) -> 4 | I10: =IF(E10="Null","NULL",(SQRT(SQRT(E10*F10)*(AVERAGE(G10:H10))))) -> 4.472136 | J10: =IF(score_l_equations!J10="A",5,IF(score_l_equations!J10="B",4,IF(score_l_equations!J10="B",4,IF(score_l_equations!J10="C",3,IF(score_l_equations!J10="C-",2,IF(score_l_equations!J10="D",1,"NULL")))))) -> 4 | K10: =IF(score_l_equations!K10="A",5,IF(score_l_equations!K10="B",4,IF(score_l_equations!K10="B",4,IF(score_l_equations!K10="C",3,IF(score_l_equations!K10="C-",2,IF(score_l_equations!K10="D",1,"NULL")))))) -> 4 | L10: =IF(score_l_equations!L10="A",5,IF(score_l_equations!L10="B",4,IF(score_l_equations!L10="B",4,IF(score_l_equations!L10="C",3,IF(score_l_equations!L10="C-",2,IF(score_l_equations!L10="D",1,"NULL")))))) -> 5 | M10: =IF(score_l_equations!M10="A",5,IF(score_l_equations!M10="B",4,IF(score_l_equations!M10="B",4,IF(score_l_equations!M10="C",3,IF(score_l_equations!M10="C-",2,IF(score_l_equations!M10="D",1,"NULL")))))) -> 5 | N10: =IF(score_l_equations!N10="A",5,IF(score_l_equations!N10="B",4,IF(score_l_equations!N10="B",4,IF(score_l_equations!N10="C",3,IF(score_l_equations!N10="C-",2,IF(score_l_equations!N10="D",1,"NULL")))))) -> NULL | O10: =IF(score_l_equations!O10="A",5,IF(score_l_equations!O10="B",4,IF(score_l_equations!O10="B",4,IF(score_l_equations!O10="C",3,IF(score_l_equations!O10="C-",2,IF(score_l_equations!O10="D",1,"NULL")))))) -> NULL | P10: =IF(J10="Null","NULL",AVERAGE(J10:O10)) -> 4.5 | Q10: =IF(score_l_equations!Q10="A",5,IF(score_l_equations!Q10="B",4,IF(score_l_equations!Q10="C",3,IF(score_l_equations!Q10="D",1,"NULL")))) -> 5 | R10: =IF(score_l_equations!R10="A",5,IF(score_l_equations!R10="B",4,IF(score_l_equations!R10="C",3,IF(score_l_equations!R10="D",1,"NULL")))) -> 4 | S10: =IF(score_l_equations!S10="A",5,IF(score_l_equations!S10="B",4,IF(score_l_equations!S10="C",3,IF(score_l_equations!S10="D",1,"NULL")))) -> 4 | T10: =IF(Q10="Null","NULL",AVERAGE(Q10:S10)) -> 4.3333333 | U10: =IF(score_l_equations!U10="A",5,IF(score_l_equations!U10="B",4,IF(score_l_equations!U10="C",3,IF(score_l_equations!U10="D",1,"NULL")))) -> 3 | V10: =IF(score_l_equations!V10="A",5,IF(score_l_equations!V10="B",4,IF(score_l_equations!V10="C",3,IF(score_l_equations!V10="D",1,"NULL")))) -> 5 | W10: =IF(score_l_equations!W10="A",5,IF(score_l_equations!W10="B",4,IF(score_l_equations!W10="C",3,IF(score_l_equations!W10="D",1,"NULL")))) -> 5 | X10: =IF(U10="Null","NULL",AVERAGE(U10:W10)) -> 4.3333333 | Y10: =IF(score_l_equations!Y10="A",5,IF(score_l_equations!Y10="B",4,IF(score_l_equations!Y10="C",3,IF(score_l_equations!Y10="D",1,"NULL")))) -> 5 | Z10: =IF(score_l_equations!Z10="A",5,IF(score_l_equations!Z10="B",4,IF(score_l_equations!Z10="C",3,IF(score_l_equations!Z10="D",1,"NULL")))) -> 5 | AA10: =IF(Y10="Null","NULL",AVERAGE(Y10:Z10)) -> 5 | AB10: =(D10*0.33)+(I10*0.67) -> 4.6463311 | AC10: =(P10*0.55)+(T10*0.35)+(X10*0.1) -> 4.425 | AD10: =(AB10*0.3)+(AC10*0.7) -> 4.4913993 | AE10: =AD10+AF10 -> 4.9913993 | AF10: =IF(AA10<1.5,-0.5,IF(AA10<2.5,-0.25,IF(AA10<3.5,0.25,0.5))) -> 0.5
A11: 1610 | B11: =IF(score_l_equations!B11="A",5,IF(score_l_equations!B11="B",4,IF(score_l_equations!B11="C",3,IF(score_l_equations!B11="D",1,"NULL")))) -> 3 | C11: =IF(score_l_equations!C11="A",5,IF(score_l_equations!C11="B",4,IF(score_l_equations!C11="C",3,IF(score_l_equations!C11="D",1,"NULL")))) -> 4 | D11: =IF(B11="Null","NULL",AVERAGE(B11:C11)) -> 3.5 | E11: =IF(score_l_equations!E11="A",5,IF(score_l_equations!E11="B",4,IF(score_l_equations!E11="C",3,IF(score_l_equations!E11="D",1,"NULL")))) -> 4 | F11: =IF(score_l_equations!F11="A",5,IF(score_l_equations!F11="B",4,IF(score_l_equations!F11="C",3,IF(score_l_equations!F11="D",1,"NULL")))) -> 4 | G11: =IF(score_l_equations!G11="A",5,IF(score_l_equations!G11="B",4,IF(score_l_equations!G11="C",3,IF(score_l_equations!G11="D",1,"NULL")))) -> 4 | H11: =IF(score_l_equations!H11="A",5,IF(score_l_equations!H11="B",4,IF(score_l_equations!H11="C",3,IF(score_l_equations!H11="D",1,"NULL")))) -> 3 | I11: =IF(E11="Null","NULL",(SQRT(SQRT(E11*F11)*(AVERAGE(G11:H11))))) -> 3.7416574 | J11: =IF(score_l_equations!J11="A",5,IF(score_l_equations!J11="B",4,IF(score_l_equations!J11="B",4,IF(score_l_equations!J11="C",3,IF(score_l_equations!J11="C-",2,IF(score_l_equations!J11="D",1,"NULL")))))) -> 4 | K11: =IF(score_l_equations!K11="A",5,IF(score_l_equations!K11="B",4,IF(score_l_equations!K11="B",4,IF(score_l_equations!K11="C",3,IF(score_l_equations!K11="C-",2,IF(score_l_equations!K11="D",1,"NULL")))))) -> 4 | L11: =IF(score_l_equations!L11="A",5,IF(score_l_equations!L11="B",4,IF(score_l_equations!L11="B",4,IF(score_l_equations!L11="C",3,IF(score_l_equations!L11="C-",2,IF(score_l_equations!L11="D",1,"NULL")))))) -> 5 | M11: =IF(score_l_equations!M11="A",5,IF(score_l_equations!M11="B",4,IF(score_l_equations!M11="B",4,IF(score_l_equations!M11="C",3,IF(score_l_equations!M11="C-",2,IF(score_l_equations!M11="D",1,"NULL")))))) -> 5 | N11: =IF(score_l_equations!N11="A",5,IF(score_l_equations!N11="B",4,IF(score_l_equations!N11="B",4,IF(score_l_equations!N11="C",3,IF(score_l_equations!N11="C-",2,IF(score_l_equations!N11="D",1,"NULL")))))) -> NULL | O11: =IF(score_l_equations!O11="A",5,IF(score_l_equations!O11="B",4,IF(score_l_equations!O11="B",4,IF(score_l_equations!O11="C",3,IF(score_l_equations!O11="C-",2,IF(score_l_equations!O11="D",1,"NULL")))))) -> NULL | P11: =IF(J11="Null","NULL",AVERAGE(J11:O11)) -> 4.5 | Q11: =IF(score_l_equations!Q11="A",5,IF(score_l_equations!Q11="B",4,IF(score_l_equations!Q11="C",3,IF(score_l_equations!Q11="D",1,"NULL")))) -> 5 | R11: =IF(score_l_equations!R11="A",5,IF(score_l_equations!R11="B",4,IF(score_l_equations!R11="C",3,IF(score_l_equations!R11="D",1,"NULL")))) -> 5 | S11: =IF(score_l_equations!S11="A",5,IF(score_l_equations!S11="B",4,IF(score_l_equations!S11="C",3,IF(score_l_equations!S11="D",1,"NULL")))) -> 4 | T11: =IF(Q11="Null","NULL",AVERAGE(Q11:S11)) -> 4.6666667 | U11: =IF(score_l_equations!U11="A",5,IF(score_l_equations!U11="B",4,IF(score_l_equations!U11="C",3,IF(score_l_equations!U11="D",1,"NULL")))) -> 3 | V11: =IF(score_l_equations!V11="A",5,IF(score_l_equations!V11="B",4,IF(score_l_equations!V11="C",3,IF(score_l_equations!V11="D",1,"NULL")))) -> 5 | W11: =IF(score_l_equations!W11="A",5,IF(score_l_equations!W11="B",4,IF(score_l_equations!W11="C",3,IF(score_l_equations!W11="D",1,"NULL")))) -> 4 | X11: =IF(U11="Null","NULL",AVERAGE(U11:W11)) -> 4 | Y11: =IF(score_l_equations!Y11="A",5,IF(score_l_equations!Y11="B",4,IF(score_l_equations!Y11="C",3,IF(score_l_equations!Y11="D",1,"NULL")))) -> 5 | Z11: =IF(score_l_equations!Z11="A",5,IF(score_l_equations!Z11="B",4,IF(score_l_equations!Z11="C",3,IF(score_l_equations!Z11="D",1,"NULL")))) -> 5 | AA11: =IF(Y11="Null","NULL",AVERAGE(Y11:Z11)) -> 5 | AB11: =(D11*0.33)+(I11*0.67) -> 3.6619104 | AC11: =(P11*0.55)+(T11*0.35)+(X11*0.1) -> 4.5083333 | AD11: =(AB11*0.3)+(AC11*0.7) -> 4.2544065 | AE11: =AD11+AF11 -> 4.7544065 | AF11: =IF(AA11<1.5,-0.5,IF(AA11<2.5,-0.25,IF(AA11<3.5,0.25,0.5))) -> 0.5
A12: 1611 | B12: =IF(score_l_equations!B12="A",5,IF(score_l_equations!B12="B",4,IF(score_l_equations!B12="C",3,IF(score_l_equations!B12="D",1,"NULL")))) -> 3 | C12: =IF(score_l_equations!C12="A",5,IF(score_l_equations!C12="B",4,IF(score_l_equations!C12="C",3,IF(score_l_equations!C12="D",1,"NULL")))) -> 3 | D12: =IF(B12="Null","NULL",AVERAGE(B12:C12)) -> 3 | E12: =IF(score_l_equations!E12="A",5,IF(score_l_equations!E12="B",4,IF(score_l_equations!E12="C",3,IF(score_l_equations!E12="D",1,"NULL")))) -> 5 | F12: =IF(score_l_equations!F12="A",5,IF(score_l_equations!F12="B",4,IF(score_l_equations!F12="C",3,IF(score_l_equations!F12="D",1,"NULL")))) -> 4 | G12: =IF(score_l_equations!G12="A",5,IF(score_l_equations!G12="B",4,IF(score_l_equations!G12="C",3,IF(score_l_equations!G12="D",1,"NULL")))) -> 1 | H12: =IF(score_l_equations!H12="A",5,IF(score_l_equations!H12="B",4,IF(score_l_equations!H12="C",3,IF(score_l_equations!H12="D",1,"NULL")))) -> 5 | I12: =IF(E12="Null","NULL",(SQRT(SQRT(E12*F12)*(AVERAGE(G12:H12))))) -> 3.6628415 | J12: =IF(score_l_equations!J12="A",5,IF(score_l_equations!J12="B",4,IF(score_l_equations!J12="B",4,IF(score_l_equations!J12="C",3,IF(score_l_equations!J12="C-",2,IF(score_l_equations!J12="D",1,"NULL")))))) -> 2 | K12: =IF(score_l_equations!K12="A",5,IF(score_l_equations!K12="B",4,IF(score_l_equations!K12="B",4,IF(score_l_equations!K12="C",3,IF(score_l_equations!K12="C-",2,IF(score_l_equations!K12="D",1,"NULL")))))) -> 2 | L12: =IF(score_l_equations!L12="A",5,IF(score_l_equations!L12="B",4,IF(score_l_equations!L12="B",4,IF(score_l_equations!L12="C",3,IF(score_l_equations!L12="C-",2,IF(score_l_equations!L12="D",1,"NULL")))))) -> 4 | M12: =IF(score_l_equations!M12="A",5,IF(score_l_equations!M12="B",4,IF(score_l_equations!M12="B",4,IF(score_l_equations!M12="C",3,IF(score_l_equations!M12="C-",2,IF(score_l_equations!M12="D",1,"NULL")))))) -> 5 | N12: =IF(score_l_equations!N12="A",5,IF(score_l_equations!N12="B",4,IF(score_l_equations!N12="B",4,IF(score_l_equations!N12="C",3,IF(score_l_equations!N12="C-",2,IF(score_l_equations!N12="D",1,"NULL")))))) -> NULL | O12: =IF(score_l_equations!O12="A",5,IF(score_l_equations!O12="B",4,IF(score_l_equations!O12="B",4,IF(score_l_equations!O12="C",3,IF(score_l_equations!O12="C-",2,IF(score_l_equations!O12="D",1,"NULL")))))) -> NULL | P12: =IF(J12="Null","NULL",AVERAGE(J12:O12)) -> 3.25 | Q12: =IF(score_l_equations!Q12="A",5,IF(score_l_equations!Q12="B",4,IF(score_l_equations!Q12="C",3,IF(score_l_equations!Q12="D",1,"NULL")))) -> 4 | R12: =IF(score_l_equations!R12="A",5,IF(score_l_equations!R12="B",4,IF(score_l_equations!R12="C",3,IF(score_l_equations!R12="D",1,"NULL")))) -> 5 | S12: =IF(score_l_equations!S12="A",5,IF(score_l_equations!S12="B",4,IF(score_l_equations!S12="C",3,IF(score_l_equations!S12="D",1,"NULL")))) -> 5 | T12: =IF(Q12="Null","NULL",AVERAGE(Q12:S12)) -> 4.6666667 | U12: =IF(score_l_equations!U12="A",5,IF(score_l_equations!U12="B",4,IF(score_l_equations!U12="C",3,IF(score_l_equations!U12="D",1,"NULL")))) -> 4 | V12: =IF(score_l_equations!V12="A",5,IF(score_l_equations!V12="B",4,IF(score_l_equations!V12="C",3,IF(score_l_equations!V12="D",1,"NULL")))) -> NULL | W12: =IF(score_l_equations!W12="A",5,IF(score_l_equations!W12="B",4,IF(score_l_equations!W12="C",3,IF(score_l_equations!W12="D",1,"NULL")))) -> NULL | X12: =IF(U12="Null","NULL",AVERAGE(U12:W12)) -> 4 | Y12: =IF(score_l_equations!Y12="A",5,IF(score_l_equations!Y12="B",4,IF(score_l_equations!Y12="C",3,IF(score_l_equations!Y12="D",1,"NULL")))) -> 4 | Z12: =IF(score_l_equations!Z12="A",5,IF(score_l_equations!Z12="B",4,IF(score_l_equations!Z12="C",3,IF(score_l_equations!Z12="D",1,"NULL")))) -> 5 | AA12: =IF(Y12="Null","NULL",AVERAGE(Y12:Z12)) -> 4.5 | AB12: =(D12*0.33)+(I12*0.67) -> 3.4441038 | AC12: =(P12*0.55)+(T12*0.35)+(X12*0.1) -> 3.8208333 | AD12: =(AB12*0.3)+(AC12*0.7) -> 3.7078145 | AE12: =AD12+AF12 -> 4.2078145 | AF12: =IF(AA12<1.5,-0.5,IF(AA12<2.5,-0.25,IF(AA12<3.5,0.25,0.5))) -> 0.5
A13: 1617 | B13: =IF(score_l_equations!B13="A",5,IF(score_l_equations!B13="B",4,IF(score_l_equations!B13="C",3,IF(score_l_equations!B13="D",1,"NULL")))) -> 3 | C13: =IF(score_l_equations!C13="A",5,IF(score_l_equations!C13="B",4,IF(score_l_equations!C13="C",3,IF(score_l_equations!C13="D",1,"NULL")))) -> 3 | D13: =IF(B13="Null","NULL",AVERAGE(B13:C13)) -> 3 | E13: =IF(score_l_equations!E13="A",5,IF(score_l_equations!E13="B",4,IF(score_l_equations!E13="C",3,IF(score_l_equations!E13="D",1,"NULL")))) -> 5 | F13: =IF(score_l_equations!F13="A",5,IF(score_l_equations!F13="B",4,IF(score_l_equations!F13="C",3,IF(score_l_equations!F13="D",1,"NULL")))) -> 4 | G13: =IF(score_l_equations!G13="A",5,IF(score_l_equations!G13="B",4,IF(score_l_equations!G13="C",3,IF(score_l_equations!G13="D",1,"NULL")))) -> 1 | H13: =IF(score_l_equations!H13="A",5,IF(score_l_equations!H13="B",4,IF(score_l_equations!H13="C",3,IF(score_l_equations!H13="D",1,"NULL")))) -> 5 | I13: =IF(E13="Null","NULL",(SQRT(SQRT(E13*F13)*(AVERAGE(G13:H13))))) -> 3.6628415 | J13: =IF(score_l_equations!J13="A",5,IF(score_l_equations!J13="B",4,IF(score_l_equations!J13="B",4,IF(score_l_equations!J13="C",3,IF(score_l_equations!J13="C-",2,IF(score_l_equations!J13="D",1,"NULL")))))) -> 1 | K13: =IF(score_l_equations!K13="A",5,IF(score_l_equations!K13="B",4,IF(score_l_equations!K13="B",4,IF(score_l_equations!K13="C",3,IF(score_l_equations!K13="C-",2,IF(score_l_equations!K13="D",1,"NULL")))))) -> 2 | L13: =IF(score_l_equations!L13="A",5,IF(score_l_equations!L13="B",4,IF(score_l_equations!L13="B",4,IF(score_l_equations!L13="C",3,IF(score_l_equations!L13="C-",2,IF(score_l_equations!L13="D",1,"NULL")))))) -> 1 | M13: =IF(score_l_equations!M13="A",5,IF(score_l_equations!M13="B",4,IF(score_l_equations!M13="B",4,IF(score_l_equations!M13="C",3,IF(score_l_equations!M13="C-",2,IF(score_l_equations!M13="D",1,"NULL")))))) -> 3 | N13: =IF(score_l_equations!N13="A",5,IF(score_l_equations!N13="B",4,IF(score_l_equations!N13="B",4,IF(score_l_equations!N13="C",3,IF(score_l_equations!N13="C-",2,IF(score_l_equations!N13="D",1,"NULL")))))) -> 3 | O13: =IF(score_l_equations!O13="A",5,IF(score_l_equations!O13="B",4,IF(score_l_equations!O13="B",4,IF(score_l_equations!O13="C",3,IF(score_l_equations!O13="C-",2,IF(score_l_equations!O13="D",1,"NULL")))))) -> 3 | P13: =IF(J13="Null","NULL",AVERAGE(J13:O13)) -> 2.1666667 | Q13: =IF(score_l_equations!Q13="A",5,IF(score_l_equations!Q13="B",4,IF(score_l_equations!Q13="C",3,IF(score_l_equations!Q13="D",1,"NULL")))) -> 1 | R13: =IF(score_l_equations!R13="A",5,IF(score_l_equations!R13="B",4,IF(score_l_equations!R13="C",3,IF(score_l_equations!R13="D",1,"NULL")))) -> 4 | S13: =IF(score_l_equations!S13="A",5,IF(score_l_equations!S13="B",4,IF(score_l_equations!S13="C",3,IF(score_l_equations!S13="D",1,"NULL")))) -> 1 | T13: =IF(Q13="Null","NULL",AVERAGE(Q13:S13)) -> 2 | U13: =IF(score_l_equations!U13="A",5,IF(score_l_equations!U13="B",4,IF(score_l_equations!U13="C",3,IF(score_l_equations!U13="D",1,"NULL")))) -> 4 | V13: =IF(score_l_equations!V13="A",5,IF(score_l_equations!V13="B",4,IF(score_l_equations!V13="C",3,IF(score_l_equations!V13="D",1,"NULL")))) -> 5 | W13: =IF(score_l_equations!W13="A",5,IF(score_l_equations!W13="B",4,IF(score_l_equations!W13="C",3,IF(score_l_equations!W13="D",1,"NULL")))) -> 4 | X13: =IF(U13="Null","NULL",AVERAGE(U13:W13)) -> 4.3333333 | Y13: =IF(score_l_equations!Y13="A",5,IF(score_l_equations!Y13="B",4,IF(score_l_equations!Y13="C",3,IF(score_l_equations!Y13="D",1,"NULL")))) -> 1 | Z13: =IF(score_l_equations!Z13="A",5,IF(score_l_equations!Z13="B",4,IF(score_l_equations!Z13="C",3,IF(score_l_equations!Z13="D",1,"NULL")))) -> 4 | AA13: =IF(Y13="Null","NULL",AVERAGE(Y13:Z13)) -> 2.5 | AB13: =(D13*0.33)+(I13*0.67) -> 3.4441038 | AC13: =(P13*0.55)+(T13*0.35)+(X13*0.1) -> 2.325 | AD13: =(AB13*0.3)+(AC13*0.7) -> 2.6607311 | AE13: =AD13+AF13 -> 2.9107311 | AF13: =IF(AA13<1.5,-0.5,IF(AA13<2.5,-0.25,IF(AA13<3.5,0.25,0.5))) -> 0.25
A14: 1682 | B14: =IF(score_l_equations!B14="A",5,IF(score_l_equations!B14="B",4,IF(score_l_equations!B14="C",3,IF(score_l_equations!B14="D",1,"NULL")))) -> 3 | C14: =IF(score_l_equations!C14="A",5,IF(score_l_equations!C14="B",4,IF(score_l_equations!C14="C",3,IF(score_l_equations!C14="D",1,"NULL")))) -> 4 | D14: =IF(B14="Null","NULL",AVERAGE(B14:C14)) -> 3.5 | E14: =IF(score_l_equations!E14="A",5,IF(score_l_equations!E14="B",4,IF(score_l_equations!E14="C",3,IF(score_l_equations!E14="D",1,"NULL")))) -> 5 | F14: =IF(score_l_equations!F14="A",5,IF(score_l_equations!F14="B",4,IF(score_l_equations!F14="C",3,IF(score_l_equations!F14="D",1,"NULL")))) -> 5 | G14: =IF(score_l_equations!G14="A",5,IF(score_l_equations!G14="B",4,IF(score_l_equations!G14="C",3,IF(score_l_equations!G14="D",1,"NULL")))) -> 5 | H14: =IF(score_l_equations!H14="A",5,IF(score_l_equations!H14="B",4,IF(score_l_equations!H14="C",3,IF(score_l_equations!H14="D",1,"NULL")))) -> 4 | I14: =IF(E14="Null","NULL",(SQRT(SQRT(E14*F14)*(AVERAGE(G14:H14))))) -> 4.7434165 | J14: =IF(score_l_equations!J14="A",5,IF(score_l_equations!J14="B",4,IF(score_l_equations!J14="B",4,IF(score_l_equations!J14="C",3,IF(score_l_equations!J14="C-",2,IF(score_l_equations!J14="D",1,"NULL")))))) -> 2 | K14: =IF(score_l_equations!K14="A",5,IF(score_l_equations!K14="B",4,IF(score_l_equations!K14="B",4,IF(score_l_equations!K14="C",3,IF(score_l_equations!K14="C-",2,IF(score_l_equations!K14="D",1,"NULL")))))) -> 4 | L14: =IF(score_l_equations!L14="A",5,IF(score_l_equations!L14="B",4,IF(score_l_equations!L14="B",4,IF(score_l_equations!L14="C",3,IF(score_l_equations!L14="C-",2,IF(score_l_equations!L14="D",1,"NULL")))))) -> 4 | M14: =IF(score_l_equations!M14="A",5,IF(score_l_equations!M14="B",4,IF(score_l_equations!M14="B",4,IF(score_l_equations!M14="C",3,IF(score_l_equations!M14="C-",2,IF(score_l_equations!M14="D",1,"NULL")))))) -> 5 | N14: =IF(score_l_equations!N14="A",5,IF(score_l_equations!N14="B",4,IF(score_l_equations!N14="B",4,IF(score_l_equations!N14="C",3,IF(score_l_equations!N14="C-",2,IF(score_l_equations!N14="D",1,"NULL")))))) -> NULL | O14: =IF(score_l_equations!O14="A",5,IF(score_l_equations!O14="B",4,IF(score_l_equations!O14="B",4,IF(score_l_equations!O14="C",3,IF(score_l_equations!O14="C-",2,IF(score_l_equations!O14="D",1,"NULL")))))) -> NULL | P14: =IF(J14="Null","NULL",AVERAGE(J14:O14)) -> 3.75 | Q14: =IF(score_l_equations!Q14="A",5,IF(score_l_equations!Q14="B",4,IF(score_l_equations!Q14="C",3,IF(score_l_equations!Q14="D",1,"NULL")))) -> 5 | R14: =IF(score_l_equations!R14="A",5,IF(score_l_equations!R14="B",4,IF(score_l_equations!R14="C",3,IF(score_l_equations!R14="D",1,"NULL")))) -> 5 | S14: =IF(score_l_equations!S14="A",5,IF(score_l_equations!S14="B",4,IF(score_l_equations!S14="C",3,IF(score_l_equations!S14="D",1,"NULL")))) -> 5 | T14: =IF(Q14="Null","NULL",AVERAGE(Q14:S14)) -> 5 | U14: =IF(score_l_equations!U14="A",5,IF(score_l_equations!U14="B",4,IF(score_l_equations!U14="C",3,IF(score_l_equations!U14="D",1,"NULL")))) -> 5 | V14: =IF(score_l_equations!V14="A",5,IF(score_l_equations!V14="B",4,IF(score_l_equations!V14="C",3,IF(score_l_equations!V14="D",1,"NULL")))) -> 4 | W14: =IF(score_l_equations!W14="A",5,IF(score_l_equations!W14="B",4,IF(score_l_equations!W14="C",3,IF(score_l_equations!W14="D",1,"NULL")))) -> 4 | X14: =IF(U14="Null","NULL",AVERAGE(U14:W14)) -> 4.3333333 | Y14: =IF(score_l_equations!Y14="A",5,IF(score_l_equations!Y14="B",4,IF(score_l_equations!Y14="C",3,IF(score_l_equations!Y14="D",1,"NULL")))) -> 5 | Z14: =IF(score_l_equations!Z14="A",5,IF(score_l_equations!Z14="B",4,IF(score_l_equations!Z14="C",3,IF(score_l_equations!Z14="D",1,"NULL")))) -> 5 | AA14: =IF(Y14="Null","NULL",AVERAGE(Y14:Z14)) -> 5 | AB14: =(D14*0.33)+(I14*0.67) -> 4.333089 | AC14: =(P14*0.55)+(T14*0.35)+(X14*0.1) -> 4.2458333 | AD14: =(AB14*0.3)+(AC14*0.7) -> 4.27201 | AE14: =AD14+AF14 -> 4.77201 | AF14: =IF(AA14<1.5,-0.5,IF(AA14<2.5,-0.25,IF(AA14<3.5,0.25,0.5))) -> 0.5
A15: 1717 | B15: =IF(score_l_equations!B15="A",5,IF(score_l_equations!B15="B",4,IF(score_l_equations!B15="C",3,IF(score_l_equations!B15="D",1,"NULL")))) -> 3 | C15: =IF(score_l_equations!C15="A",5,IF(score_l_equations!C15="B",4,IF(score_l_equations!C15="C",3,IF(score_l_equations!C15="D",1,"NULL")))) -> 4 | D15: =IF(B15="Null","NULL",AVERAGE(B15:C15)) -> 3.5 | E15: =IF(score_l_equations!E15="A",5,IF(score_l_equations!E15="B",4,IF(score_l_equations!E15="C",3,IF(score_l_equations!E15="D",1,"NULL")))) -> 4 | F15: =IF(score_l_equations!F15="A",5,IF(score_l_equations!F15="B",4,IF(score_l_equations!F15="C",3,IF(score_l_equations!F15="D",1,"NULL")))) -> 3 | G15: =IF(score_l_equations!G15="A",5,IF(score_l_equations!G15="B",4,IF(score_l_equations!G15="C",3,IF(score_l_equations!G15="D",1,"NULL")))) -> 4 | H15: =IF(score_l_equations!H15="A",5,IF(score_l_equations!H15="B",4,IF(score_l_equations!H15="C",3,IF(score_l_equations!H15="D",1,"NULL")))) -> 3 | I15: =IF(E15="Null","NULL",(SQRT(SQRT(E15*F15)*(AVERAGE(G15:H15))))) -> 3.4820045 | J15: =IF(score_l_equations!J15="A",5,IF(score_l_equations!J15="B",4,IF(score_l_equations!J15="B",4,IF(score_l_equations!J15="C",3,IF(score_l_equations!J15="C-",2,IF(score_l_equations!J15="D",1,"NULL")))))) -> 2 | K15: =IF(score_l_equations!K15="A",5,IF(score_l_equations!K15="B",4,IF(score_l_equations!K15="B",4,IF(score_l_equations!K15="C",3,IF(score_l_equations!K15="C-",2,IF(score_l_equations!K15="D",1,"NULL")))))) -> 3 | L15: =IF(score_l_equations!L15="A",5,IF(score_l_equations!L15="B",4,IF(score_l_equations!L15="B",4,IF(score_l_equations!L15="C",3,IF(score_l_equations!L15="C-",2,IF(score_l_equations!L15="D",1,"NULL")))))) -> 4 | M15: =IF(score_l_equations!M15="A",5,IF(score_l_equations!M15="B",4,IF(score_l_equations!M15="B",4,IF(score_l_equations!M15="C",3,IF(score_l_equations!M15="C-",2,IF(score_l_equations!M15="D",1,"NULL")))))) -> 5 | N15: =IF(score_l_equations!N15="A",5,IF(score_l_equations!N15="B",4,IF(score_l_equations!N15="B",4,IF(score_l_equations!N15="C",3,IF(score_l_equations!N15="C-",2,IF(score_l_equations!N15="D",1,"NULL")))))) -> NULL | O15: =IF(score_l_equations!O15="A",5,IF(score_l_equations!O15="B",4,IF(score_l_equations!O15="B",4,IF(score_l_equations!O15="C",3,IF(score_l_equations!O15="C-",2,IF(score_l_equations!O15="D",1,"NULL")))))) -> NULL | P15: =IF(J15="Null","NULL",AVERAGE(J15:O15)) -> 3.5 | Q15: =IF(score_l_equations!Q15="A",5,IF(score_l_equations!Q15="B",4,IF(score_l_equations!Q15="C",3,IF(score_l_equations!Q15="D",1,"NULL")))) -> 1 | R15: =IF(score_l_equations!R15="A",5,IF(score_l_equations!R15="B",4,IF(score_l_equations!R15="C",3,IF(score_l_equations!R15="D",1,"NULL")))) -> 1 | S15: =IF(score_l_equations!S15="A",5,IF(score_l_equations!S15="B",4,IF(score_l_equations!S15="C",3,IF(score_l_equations!S15="D",1,"NULL")))) -> 3 | T15: =IF(Q15="Null","NULL",AVERAGE(Q15:S15)) -> 1.6666667 | U15: =IF(score_l_equations!U15="A",5,IF(score_l_equations!U15="B",4,IF(score_l_equations!U15="C",3,IF(score_l_equations!U15="D",1,"NULL")))) -> 4 | V15: =IF(score_l_equations!V15="A",5,IF(score_l_equations!V15="B",4,IF(score_l_equations!V15="C",3,IF(score_l_equations!V15="D",1,"NULL")))) -> 5 | W15: =IF(score_l_equations!W15="A",5,IF(score_l_equations!W15="B",4,IF(score_l_equations!W15="C",3,IF(score_l_equations!W15="D",1,"NULL")))) -> 5 | X15: =IF(U15="Null","NULL",AVERAGE(U15:W15)) -> 4.6666667 | Y15: =IF(score_l_equations!Y15="A",5,IF(score_l_equations!Y15="B",4,IF(score_l_equations!Y15="C",3,IF(score_l_equations!Y15="D",1,"NULL")))) -> 5 | Z15: =IF(score_l_equations!Z15="A",5,IF(score_l_equations!Z15="B",4,IF(score_l_equations!Z15="C",3,IF(score_l_equations!Z15="D",1,"NULL")))) -> 5 | AA15: =IF(Y15="Null","NULL",AVERAGE(Y15:Z15)) -> 5 | AB15: =(D15*0.33)+(I15*0.67) -> 3.487943 | AC15: =(P15*0.55)+(T15*0.35)+(X15*0.1) -> 2.975 | AD15: =(AB15*0.3)+(AC15*0.7) -> 3.1288829 | AE15: =AD15+AF15 -> 3.6288829 | AF15: =IF(AA15<1.5,-0.5,IF(AA15<2.5,-0.25,IF(AA15<3.5,0.25,0.5))) -> 0.5
... A43: 1966 | B43: =IF(score_l_equations!B43="A",5,IF(score_l_equations!B43="B",4,IF(score_l_equations!B43="C",3,IF(score_l_equations!B43="D",1,"NULL")))) -> 3 | C43: =IF(score_l_equations!C43="A",5,IF(score_l_equations!C43="B",4,IF(score_l_equations!C43="C",3,IF(score_l_equations!C43="D",1,"NULL")))) -> 3 | D43: =IF(B43="Null","NULL",AVERAGE(B43:C43)) -> 3 | E43: =IF(score_l_equations!E43="A",5,IF(score_l_equations!E43="B",4,IF(score_l_equations!E43="C",3,IF(score_l_equations!E43="D",1,"NULL")))) -> 4 | F43: =IF(score_l_equations!F43="A",5,IF(score_l_equations!F43="B",4,IF(score_l_equations!F43="C",3,IF(score_l_equations!F43="D",1,"NULL")))) -> 5 | G43: =IF(score_l_equations!G43="A",5,IF(score_l_equations!G43="B",4,IF(score_l_equations!G43="C",3,IF(score_l_equations!G43="D",1,"NULL")))) -> 4 | H43: =IF(score_l_equations!H43="A",5,IF(score_l_equations!H43="B",4,IF(score_l_equations!H43="C",3,IF(score_l_equations!H43="D",1,"NULL")))) -> 4 | I43: =IF(E43="Null","NULL",(SQRT(SQRT(E43*F43)*(AVERAGE(G43:H43))))) -> 4.2294851 | J43: =IF(score_l_equations!J43="A",5,IF(score_l_equations!J43="B",4,IF(score_l_equations!J43="B",4,IF(score_l_equations!J43="C",3,IF(score_l_equations!J43="C-",2,IF(score_l_equations!J43="D",1,"NULL")))))) -> 2 | K43: =IF(score_l_equations!K43="A",5,IF(score_l_equations!K43="B",4,IF(score_l_equations!K43="B",4,IF(score_l_equations!K43="C",3,IF(score_l_equations!K43="C-",2,IF(score_l_equations!K43="D",1,"NULL")))))) -> 4 | L43: =IF(score_l_equations!L43="A",5,IF(score_l_equations!L43="B",4,IF(score_l_equations!L43="B",4,IF(score_l_equations!L43="C",3,IF(score_l_equations!L43="C-",2,IF(score_l_equations!L43="D",1,"NULL")))))) -> 3 | M43: =IF(score_l_equations!M43="A",5,IF(score_l_equations!M43="B",4,IF(score_l_equations!M43="B",4,IF(score_l_equations!M43="C",3,IF(score_l_equations!M43="C-",2,IF(score_l_equations!M43="D",1,"NULL")))))) -> 5 | N43: =IF(score_l_equations!N43="A",5,IF(score_l_equations!N43="B",4,IF(score_l_equations!N43="B",4,IF(score_l_equations!N43="C",3,IF(score_l_equations!N43="C-",2,IF(score_l_equations!N43="D",1,"NULL")))))) -> NULL | O43: =IF(score_l_equations!O43="A",5,IF(score_l_equations!O43="B",4,IF(score_l_equations!O43="B",4,IF(score_l_equations!O43="C",3,IF(score_l_equations!O43="C-",2,IF(score_l_equations!O43="D",1,"NULL")))))) -> NULL | P43: =IF(J43="Null","NULL",AVERAGE(J43:O43)) -> 3.5 | Q43: =IF(score_l_equations!Q43="A",5,IF(score_l_equations!Q43="B",4,IF(score_l_equations!Q43="C",3,IF(score_l_equations!Q43="D",1,"NULL")))) -> 5 | R43: =IF(score_l_equations!R43="A",5,IF(score_l_equations!R43="B",4,IF(score_l_equations!R43="C",3,IF(score_l_equations!R43="D",1,"NULL")))) -> 4 | S43: =IF(score_l_equations!S43="A",5,IF(score_l_equations!S43="B",4,IF(score_l_equations!S43="C",3,IF(score_l_equations!S43="D",1,"NULL")))) -> 5 | T43: =IF(Q43="Null","NULL",AVERAGE(Q43:S43)) -> 4.6666667 | U43: =IF(score_l_equations!U43="A",5,IF(score_l_equations!U43="B",4,IF(score_l_equations!U43="C",3,IF(score_l_equations!U43="D",1,"NULL")))) -> 3 | V43: =IF(score_l_equations!V43="A",5,IF(score_l_equations!V43="B",4,IF(score_l_equations!V43="C",3,IF(score_l_equations!V43="D",1,"NULL")))) -> NULL | W43: =IF(score_l_equations!W43="A",5,IF(score_l_equations!W43="B",4,IF(score_l_equations!W43="C",3,IF(score_l_equations!W43="D",1,"NULL")))) -> NULL | X43: =IF(U43="Null","NULL",AVERAGE(U43:W43)) -> 3 | Y43: =IF(score_l_equations!Y43="A",5,IF(score_l_equations!Y43="B",4,IF(score_l_equations!Y43="C",3,IF(score_l_equations!Y43="D",1,"NULL")))) -> 4 | Z43: =IF(score_l_equations!Z43="A",5,IF(score_l_equations!Z43="B",4,IF(score_l_equations!Z43="C",3,IF(score_l_equations!Z43="D",1,"NULL")))) -> 4 | AA43: =IF(Y43="Null","NULL",AVERAGE(Y43:Z43)) -> 4 | AB43: =(D43*0.33)+(I43*0.67) -> 3.823755 | AC43: =(P43*0.55)+(T43*0.35)+(X43*0.1) -> 3.8583333 | AD43: =(AB43*0.3)+(AC43*0.7) -> 3.8479598 | AE43: =AD43+AF43 -> 4.3479598 | AF43: =IF(AA43<1.5,-0.5,IF(AA43<2.5,-0.25,IF(AA43<3.5,0.25,0.5))) -> 0.5

Sheet Template
A1: COLORADO ECOLOICAL INTEGRITY ASSESSMENT (EIA) SCORECARD
A2: Made by: Colorado Natural Heritage Program, Version: June 11, 2025
A4: Site ID:
A5: Site Name:
A6: Project: | F6: Date
A8: Ecol System:
A9: HGM:
A10: Cowardin:
D13: Wt | E13: Field Rating | F13: Field Points | G13: Calc Points | H13: Calc Rating
A14: Overall Ecological Integrity Score and Rank | G14: =IF(G16="NULL","NULL",IF(G25="NULL","NULL",((G16*D16)+(G25*D25)))) -> 4.0783333 | H14: =IF(G14="NULL","NULL",IF(G14>=3.8,"A+",IF(G14>=3.5,"A-",IF(G14>=3,"B+",IF(G14>=2.5,"B-",IF(G14>=2,"C+",IF(G14>=1.5,"C-",IF(G14>0,"D","NULL")))))))) -> A+
A15: Overall Ecological Integrity + Size Score and Rank | G15: =IF(G16="NULL","NULL",IF(G25="NULL","NULL",IF(G41="NULL","NULL",(G14+J41)))) -> 4.5783333 | H15: =IF(G15="NULL","NULL",IF(G15>=3.8,"A+",IF(G15>=3.5,"A-",IF(G15>=3,"B+",IF(G15>=2.5,"B-",IF(G15>=2,"C+",IF(G15>=1.5,"C-",IF(G15>0,"D","NULL")))))))) -> A+
A16: Rank Factor: LANDSCAPE CONTEXT | D16: 0.3 | G16: =IF(G17="NULL","NULL",IF(G20="NULL","NULL",((D17*G17)+(D20*G20)))) -> 3.8333333 | H16: =IF(G16="NULL","NULL",IF(G16>=3.8,"A+",IF(G16>=3.5,"A-",IF(G16>=3,"B+",IF(G16>=2.5,"B-",IF(G16>=2,"C+",IF(G16>=1.5,"C-",IF(G16>0,"D","NULL")))))))) -> A+
B17: LANDSCAPE METRICS | D17: 0.33333333 | G17: =IF(F18="NULL","NULL",(AVERAGE(F18,F19))) -> 3.5 | H17: =IF(G17="NULL","NULL",IF(G17>=3.8,"A+",IF(G17>=3.5,"A-",IF(G17>=3,"B+",IF(G17>=2.5,"B-",IF(G17>=2,"C+",IF(G17>=1.5,"C-",IF(G17>0,"D","NULL")))))))) -> A-
C18: L1. Contiguous Natural Land Cover | D18: 1 | E18: b | F18: =IF(E18="A",4,IF(E18="B",3,IF(E18="C",2,IF(E18="D",1,"NULL")))) -> 3
C19: L2. Land Use Index | D19: 1 | E19: a | F19: =IF(E19="A",4,IF(E19="B",3,IF(E19="C",2,IF(E19="D",1,"NULL")))) -> 4
B20: BUFFER METRICS | D20: 0.66666667 | G20: =IF(F21="NULL","NULL",(SQRT(SQRT((F21*F22))*(AVERAGE(F23,F24))))) -> 4 | H20: =IF(G20="NULL","NULL",IF(G20>=3.8,"A+",IF(G20>=3.5,"A-",IF(G20>=3,"B+",IF(G20>=2.5,"B-",IF(G20>=2,"C+",IF(G20>=1.5,"C-",IF(G20>0,"D","NULL")))))))) -> A+
C21: B1. Perimeter with Natural Buffer | D21: n/a | E21: a | F21: =IF(E21="A",4,IF(E21="B",3,IF(E21="C",2,IF(E21="D",1,"NULL")))) -> 4
C22: B2. Width of Natural Buffer | D22: n/a | E22: a | F22: =IF(E22="A",4,IF(E22="B",3,IF(E22="C",2,IF(E22="D",1,"NULL")))) -> 4
C23: B3.1. Condition of Natural Buffer - Veg | D23: n/a | E23: a | F23: =IF(E23="A",4,IF(E23="B",3,IF(E23="C",2,IF(E23="D",1,"NULL")))) -> 4
C24: B3.2. Condition of Natural Buffer - Soils | D24: n/a | E24: a | F24: =IF(E24="A",4,IF(E24="B",3,IF(E24="C",2,IF(E24="D",1,"NULL")))) -> 4
A25: Rank Factor: CONDITION | D25: 0.7 | G25: =IF(G26="NULL","NULL",IF(G33="NULL","NULL",IF(G37="NULL","NULL",((G26*D26)+(G33*D33)+(G37*D37))))) -> 4.1833333 | H25: =IF(G25="NULL","NULL",IF(G25>=3.8,"A+",IF(G25>=3.5,"A-",IF(G25>=3,"B+",IF(G25>=2.5,"B-",IF(G25>=2,"C+",IF(G25>=1.5,"C-",IF(G25>0,"D","NULL")))))))) -> A+
B26: VEGETATION METRICS | D26: 0.55 | G26: =IF(F27="NULL","NULL",(AVERAGE(F27:F32))) -> 4.3333333 | H26: =IF(G26="NULL","NULL",IF(G26>=3.8,"A+",IF(G26>=3.5,"A-",IF(G26>=3,"B+",IF(G26>=2.5,"B-",IF(G26>=2,"C+",IF(G26>=1.5,"C-",IF(G26>0,"D","NULL")))))))) -> A+
C27: V1. Native Plant Species Cover | D27: 1 | E27: a | F27: =IF(E27="A",4,IF(E27="B",3,IF(E27="C",2,IF(E27="C-",1.5,IF(E27="D",1,"NULL"))))) -> 4
C28: V2. Invasive Nonnative Plant Species Cover | D28: 1 | E28: a | F28: =IF(E28="A",4,IF(E28="B",3,IF(E28="C",2,IF(E28="C-",1.5,IF(E28="D",1,"NULL"))))) -> 4
C29: V3. Native Plant Species Composition | D29: 1 | E29: a | F29: =IF(E29="A",4,IF(E29="B",3,IF(E29="C",2,IF(E29="D",1,"NULL")))) -> 4
C30: V4. Vegetation Structure | D30: 1 | E30: a | F30: =IF(E30="A",4,IF(E30="B",3,IF(E30="C",2,IF(E30="D",1,"NULL")))) -> 4 | K30: 5 point scale
C31: V5. Regen. of Native Woody Species (opt.) | D31: 1 | E31: a | F31: =IF(E31="A",5,IF(E31="B",4,IF(E31="C",3,IF(E31="D",1,"NULL")))) -> 5
C32: V65. Coarse and Fine Woody Debris (opt.) | D32: 1 | E32: a | F32: =IF(E32="A",5,IF(E32="B",4,IF(E32="C",3,IF(E32="D",1,"NULL")))) -> 5
B33: HYDROLOGY METRICS | D33: 0.35 | G33: =IF(F34="NULL","NULL",(AVERAGE(F34:F36))) -> 4 | H33: =IF(G33="NULL","NULL",IF(G33>=3.8,"A+",IF(G33>=3.5,"A-",IF(G33>=3,"B+",IF(G33>=2.5,"B-",IF(G33>=2,"C+",IF(G33>=1.5,"C-",IF(G33>0,"D","NULL")))))))) -> A+ | K33: =(G26*D26)+(G33*D33)+(G37*D37) -> 4.1833333
C34: H1. Water Source | D34: 1 | E34: a | F34: =IF(E34="A",4,IF(E34="B",3,IF(E34="C",2,IF(E34="D",1,"NULL")))) -> 4
C35: H2. Hydroperiod | D35: 1 | E35: a | F35: =IF(E35="A",4,IF(E35="B",3,IF(E35="C",2,IF(E35="D",1,"NULL")))) -> 4
C36: H3. Hydrologic Connectivity | D36: 1 | E36: a | F36: =IF(E36="A",4,IF(E36="B",3,IF(E36="C",2,IF(E36="D",1,"NULL")))) -> 4
B37: PHYSIOCHEMISTRY METRICS | D37: 0.1 | G37: =IF(F38="NULL","NULL",IF(F39="NULL",F38,((F38+((F39+F40)/2))/2))) -> 4 | H37: =IF(G37="NULL","NULL",IF(G37>=3.8,"A+",IF(G37>=3.5,"A-",IF(G37>=3,"B+",IF(G37>=2.5,"B-",IF(G37>=2,"C+",IF(G37>=1.5,"C-",IF(G37>0,"D","NULL")))))))) -> A+
C38: S1. Soil Condition | D38: 1 | E38: a | F38: =IF(E38="A",4,IF(E38="B",3,IF(E38="C",2,IF(E38="D",1,"NULL")))) -> 4
C39: S2. Surface Water Turbidity / Pollutants (opt.) | D39: 0.5 | E39: a | F39: =IF(E39="A",4,IF(E39="B",3,IF(E39="C",2,IF(E39="D",1,"NULL")))) -> 4
C40: S3. Algal Growth (opt.) | D40: 0.5 | E40: a | F40: =IF(E40="A",4,IF(E40="B",3,IF(E40="C",2,IF(E40="D",1,"NULL")))) -> 4
A41: Rank Factor: SIZE | D41: n/a | G41: =G42 -> 3.5 | H41: =IF(G41="NULL","NULL",IF(G41>=3.8,"A+",IF(G41>=3.5,"A-",IF(G41>=3,"B+",IF(G41>=2.5,"B-",IF(G41>=2,"C+",IF(G41>=1.5,"C-",IF(G41>0,"D","NULL")))))))) -> A- | J41: =IF(G42<1.5,-0.5,IF(G42<2.5,-0.25,IF(G42<3.5,0.25,0.5))) -> 0.5
B42: SIZE METRICS | D42: 1 | G42: =IF(F43="NULL","NULL",AVERAGE(F43:F44)) -> 3.5 | H42: =IF(G42="NULL","NULL",IF(G42>=3.8,"A+",IF(G42>=3.5,"A-",IF(G42>=3,"B+",IF(G42>=2.5,"B-",IF(G42>=2,"C+",IF(G42>=1.5,"C-",IF(G42>0,"D","NULL")))))))) -> A-
C43: Z1. Comparative Size (opt.) | D43: 1 | E43: b | F43: =IF(E43="A",4,IF(E43="B",3,IF(E43="C",2,IF(E43="D",1,"NULL")))) -> 3
C44: Z2. Change in Size (opt.) | D44: 1 | E44: a | F44: =IF(E44="A",4,IF(E44="B",3,IF(E44="C",2,IF(E44="D",1,"NULL")))) -> 4
A47: Input field metric letter ratings into empty boxes to calculate Rank Factor and Final EIA Scores. Fill in all metrics that are not marked as optional. Optional metrics depend on method used and wetland type.
